recording_id	speaker_id	filename	exercise_id	align_text	original_text	gender	age	native_language	dialect	created_at	is_valid	empty	duration	sample_rate	size	user_agent
1454112	021365	021365-1454112.wav	0037	fólkið vinnur frá morgni til kvölds	Fólkið vinnur frá morgni til kvölds.	female	30-39	Russia	NAN	2021-10-15 20:58:03	NAN	0	4.35	16000	139342	Mozilla/5.0 (Linux; Android 10; CLT-L29) AppleWebKit/537.36 (KHTML, like Gecko) Chrome/93.0.4577.62 Mobile Safari/537.36
1454339	021364	021364-1454339.wav	0037	fólkið vinnur frá morgni til kvölds	Fólkið vinnur frá morgni til kvölds.	female	30-39	Russia	NAN	2021-10-15 22:01:24	NAN	0	4.14	16000	132516	Mozilla/5.0 (Windows NT 10.0; Win64; x64) AppleWebKit/537.36 (KHTML, like Gecko) Chrome/94.0.4606.81 Safari/537.36
3286902	031048	031048-3286902.wav	0037	fólkið vinnur frá morgni til kvölds	Fólkið vinnur frá morgni til kvölds.	female	40-49	Icelandic	NAN	2022-02-09 11:43:16	NAN	0	3.97	16000	127054	Mozilla/5.0 (Linux; Android 11; SM-A715F) AppleWebKit/537.36 (KHTML, like Gecko) Chrome/98.0.4758.87 Mobile Safari/537.36
1877906	024577	024577-1877906.wav	0024	eruð þið með stærri stærð	Eruð þið með stærri stærð?	female	30-39	Spanish	NAN	2021-11-22 18:59:20	NAN	0	3.24	16000	103844	Mozilla/5.0 (Windows NT 10.0; Win64; x64) AppleWebKit/537.36 (KHTML, like Gecko) Chrome/96.0.4664.45 Safari/537.36
1455007	021372	021372-1455007.wav	0024	eruð þið með stærri stærð	Eruð þið með stærri stærð?	female	30-39	Serbo-Croatian	NAN	2021-10-18 10:30:06	NAN	0	2.52	16000	80632	Mozilla/5.0 (Windows NT 10.0; Win64; x64) AppleWebKit/537.36 (KHTML, like Gecko) Chrome/94.0.4606.71 Safari/537.36
1878024	024578	024578-1878024.wav	0024	eruð þið með stærri stærð	Eruð þið með stærri stærð?	male	60-69	English	NAN	2021-11-22 20:52:27	NAN	0	5.5	16000	176206	Mozilla/5.0 (Macintosh; Intel Mac OS X 10_15_7) AppleWebKit/537.36 (KHTML, like Gecko) Chrome/96.0.4664.55 Safari/537.36
1453134	021351	021351-1453134.wav	0024	eruð þið með stærri stærð	Eruð þið með stærri stærð?	male	40-49	Slovak	NAN	2021-10-12 17:00:41	NAN	0	3.03	16000	97016	Mozilla/5.0 (Macintosh; Intel Mac OS X 10_15_7) AppleWebKit/537.36 (KHTML, like Gecko) Chrome/94.0.4606.71 Safari/537.36
2472826	024832	024832-2472826.wav	0024	eruð þið með stærri stærð	Eruð þið með stærri stærð?	female	11	Icelandic	NAN	2022-01-25 11:15:55	NAN	0	3.3	16000	105590	Mozilla/5.0 (Macintosh; Intel Mac OS X 10_15_6) AppleWebKit/605.1.15 (KHTML, like Gecko) Version/15.2 Safari/605.1.15
1453807	021358	021358-1453807.wav	0176	viltu að ég hjálpi honum	Viltu að ég hjálpi honum?	female	30-39	English	NAN	2021-10-13 13:29:04	NAN	0	2.43	16000	77902	Mozilla/5.0 (Macintosh; Intel Mac OS X 10_15_7) AppleWebKit/537.36 (KHTML, like Gecko) Chrome/94.0.4606.81 Safari/537.36
1878091	024578	024578-1878091.wav	0176	viltu að ég hjálpi honum	Viltu að ég hjálpi honum?	male	60-69	English	NAN	2021-11-22 21:12:52	NAN	0	5.38	16000	172110	Mozilla/5.0 (Macintosh; Intel Mac OS X 10_15_7) AppleWebKit/537.36 (KHTML, like Gecko) Chrome/96.0.4664.55 Safari/537.36
3242948	030200	030200-3242948.wav	0176	viltu að ég hjálpi honum	Viltu að ég hjálpi honum?	female	40-49	Icelandic	NAN	2022-01-26 23:24:32	NAN	0	3.97	16000	127054	Mozilla/5.0 (iPhone; CPU iPhone OS 15_1_1 like Mac OS X) AppleWebKit/605.1.15 (KHTML, like Gecko) Version/15.1 Mobile/15E148 Safari/604.1
1454151	021365	021365-1454151.wav	0175	viljiði koma með í ísbíltúr	Viljiði koma með í ísbíltúr?	female	30-39	Russia	NAN	2021-10-15 21:04:42	NAN	0	4.22	16000	135246	Mozilla/5.0 (Linux; Android 10; CLT-L29) AppleWebKit/537.36 (KHTML, like Gecko) Chrome/93.0.4577.62 Mobile Safari/537.36
1877397	024567	024567-1877397.wav	0175	viljiði koma með í ísbíltúr	Viljiði koma með í ísbíltúr?	female	30-39	Polish	NAN	2021-11-20 00:44:20	NAN	0	4.1	16000	131150	Mozilla/5.0 (Windows NT 10.0; Win64; x64; rv:94.0) Gecko/20100101 Firefox/94.0
2228059	022105	022105-2228059.wav	0175	viljiði koma með í ísbíltúr	Viljiði koma með í ísbíltúr?	female	30-39	Icelandic	NAN	2022-01-24 12:24:05	NAN	0	2.6	16000	83364	Mozilla/5.0 (iPhone; CPU iPhone OS 15_2_1 like Mac OS X) AppleWebKit/605.1.15 (KHTML, like Gecko) Version/15.2 Mobile/15E148 Safari/604.1
1454187	021365	021365-1454187.wav	0157	síðan förum við aftur í skóna	Síðan förum við aftur í skóna.	female	30-39	Russia	NAN	2021-10-15 21:10:49	NAN	0	4.22	16000	135246	Mozilla/5.0 (Linux; Android 10; CLT-L29) AppleWebKit/537.36 (KHTML, like Gecko) Chrome/93.0.4577.62 Mobile Safari/537.36
1878777	024597	024597-1878777.wav	0157	síðan förum við aftur í skóna	Síðan förum við aftur í skóna.	male	30-39	English	NAN	2021-11-30 16:39:17	NAN	0	4.61	16000	147534	Mozilla/5.0 (Macintosh; Intel Mac OS X 10_15_7) AppleWebKit/537.36 (KHTML, like Gecko) Chrome/96.0.4664.55 Safari/537.36
1455067	021370	021370-1455067.wav	0157	síðan förum við aftur í skóna	Síðan förum við aftur í skóna.	female	40-49	Czech	NAN	2021-10-18 18:26:48	NAN	0	3.33	16000	106574	Mozilla/5.0 (Windows NT 10.0; Win64; x64; rv:93.0) Gecko/20100101 Firefox/93.0
1878312	024585	024585-1878312.wav	0157	síðan förum við aftur í skóna	Síðan förum við aftur í skóna.	female	30-39	Spanish	NAN	2021-11-23 19:28:56	NAN	0	3.84	16000	122958	Mozilla/5.0 (Windows NT 10.0; Win64; x64) AppleWebKit/537.36 (KHTML, like Gecko) Chrome/96.0.4664.45 Safari/537.36 Edg/96.0.1054.29
1454409	021364	021364-1454409.wav	0157	síðan förum við aftur í skóna	Síðan förum við aftur í skóna.	female	30-39	Russia	NAN	2021-10-15 22:08:43	NAN	0	4.18	16000	133880	Mozilla/5.0 (Windows NT 10.0; Win64; x64) AppleWebKit/537.36 (KHTML, like Gecko) Chrome/94.0.4606.81 Safari/537.36
2118389	024931	024931-2118389.wav	0157	síðan förum við aftur í skóna	Síðan förum við aftur í skóna.	female	40-49	Icelandic	NAN	2022-01-23 17:51:11	NAN	0	1.83	16000	58788	Mozilla/5.0 (iPhone; CPU iPhone OS 14_8_1 like Mac OS X) AppleWebKit/605.1.15 (KHTML, like Gecko) Version/14.1.2 Mobile/15E148 Safari/604.1
1878925	024599	024599-1878925.wav	0237	í dag er mjög kalt úti	Í dag er mjög kalt úti.	male	20-29	Polish	NAN	2021-11-30 22:43:17	NAN	0	3.58	16000	114766	Mozilla/5.0 (Windows NT 6.1; Win64; x64; rv:94.0) Gecko/20100101 Firefox/94.0
1452742	021347	021347-1452742.wav	0237	í dag er mjög kalt úti	Í dag er mjög kalt úti.	male	40-49	Slovak	NAN	2021-10-11 13:30:33	NAN	0	3.81	16000	121936	Mozilla/5.0 (Macintosh; Intel Mac OS X 10_15_7) AppleWebKit/605.1.15 (KHTML, like Gecko) Version/14.1.1 Safari/605.1.15
1454989	021372	021372-1454989.wav	0237	í dag er mjög kalt úti	Í dag er mjög kalt úti.	female	30-39	Serbo-Croatian	NAN	2021-10-18 10:26:44	NAN	0	3.41	16000	109304	Mozilla/5.0 (Windows NT 10.0; Win64; x64) AppleWebKit/537.36 (KHTML, like Gecko) Chrome/94.0.4606.71 Safari/537.36
1878286	024567	024567-1878286.wav	0237	í dag er mjög kalt úti	Í dag er mjög kalt úti.	female	30-39	Polish	NAN	2021-11-23 13:28:25	NAN	0	4.65	16000	148900	Mozilla/5.0 (Windows NT 10.0; Win64; x64; rv:94.0) Gecko/20100101 Firefox/94.0
3286883	031048	031048-3286883.wav	0237	í dag er mjög kalt úti	Í dag er mjög kalt úti.	female	40-49	Icelandic	NAN	2022-02-09 11:41:23	NAN	0	2.82	16000	90190	Mozilla/5.0 (Linux; Android 11; SM-A715F) AppleWebKit/537.36 (KHTML, like Gecko) Chrome/98.0.4758.87 Mobile Safari/537.36
1454299	021366	021366-1454299.wav	0079	hér er handklæðið mitt hvar er handklæðið þitt	Hér er handklæðið mitt. Hvar er handklæðið þitt?	female	30-39	Russia	NAN	2021-10-15 21:31:56	NAN	0	5.12	16000	163918	Mozilla/5.0 (Linux; arm_64; Android 10; CLT-L29) AppleWebKit/537.36 (KHTML, like Gecko) Chrome/91.0.4472.164 YaBrowser/21.6.6.55.00 SA/3 Mobile Safari/537.36
1454797	021368	021368-1454797.wav	0079	hér er handklæðið mitt hvar er handklæðið þitt	Hér er handklæðið mitt. Hvar er handklæðið þitt?	female	40-49	Spanish	NAN	2021-10-16 19:15:21	NAN	0	4.35	16000	139342	Mozilla/5.0 (X11; Linux x86_64) AppleWebKit/537.36 (KHTML, like Gecko) SamsungBrowser/15.0 Chrome/90.0.4430.210 Safari/537.36
2710640	029023	029023-2710640.wav	0079	hér er handklæðið mitt hvar er handklæðið þitt	Hér er handklæðið mitt. Hvar er handklæðið þitt?	female	30-39	Russia	NAN	2022-01-25 22:11:11	NAN	0	5.12	16000	163918	Mozilla/5.0 (Linux; Android 11; SM-A715F) AppleWebKit/537.36 (KHTML, like Gecko) Chrome/97.0.4692.98 Mobile Safari/537.36
1454413	021364	021364-1454413.wav	0079	hér er handklæðið mitt hvar er handklæðið þitt	Hér er handklæðið mitt. Hvar er handklæðið þitt?	female	30-39	Russia	NAN	2021-10-15 22:09:51	NAN	0	5.5	16000	176206	Mozilla/5.0 (Windows NT 10.0; Win64; x64) AppleWebKit/537.36 (KHTML, like Gecko) Chrome/94.0.4606.81 Safari/537.36
2622048	028870	028870-2622048.wav	0079	hér er handklæðið mitt hvar er handklæðið þitt	Hér er handklæðið mitt. Hvar er handklæðið þitt?	female	10	Icelandic	NAN	2022-01-25 18:43:59	NAN	0	3.84	16000	122958	Mozilla/5.0 (iPhone; CPU iPhone OS 15_2_1 like Mac OS X) AppleWebKit/605.1.15 (KHTML, like Gecko) Version/15.2 Mobile/15E148 Safari/604.1
1877911	024577	024577-1877911.wav	0027	fer hún ekki að koma í heimsókn	Fer hún ekki að koma í heimsókn?	female	30-39	Spanish	NAN	2021-11-22 18:59:50	NAN	0	3.75	16000	120228	Mozilla/5.0 (Windows NT 10.0; Win64; x64) AppleWebKit/537.36 (KHTML, like Gecko) Chrome/96.0.4664.45 Safari/537.36
1454278	021366	021366-1454278.wav	0027	fer hún ekki að koma í heimsókn	Fer hún ekki að koma í heimsókn?	female	30-39	Russia	NAN	2021-10-15 21:29:01	NAN	0	3.84	16000	122958	Mozilla/5.0 (Linux; arm_64; Android 10; CLT-L29) AppleWebKit/537.36 (KHTML, like Gecko) Chrome/91.0.4472.164 YaBrowser/21.6.6.55.00 SA/3 Mobile Safari/537.36
2214652	025682	025682-2214652.wav	0027	fer hún ekki að koma í heimsókn	Fer hún ekki að koma í heimsókn?	female	11	Icelandic	NAN	2022-01-24 11:26:29	NAN	0	2.97	16000	95188	Mozilla/5.0 (Macintosh; Intel Mac OS X 10_15_6) AppleWebKit/605.1.15 (KHTML, like Gecko) Version/15.1 Safari/605.1.15
1454233	021366	021366-1454233.wav	0203	ég borða köku með rjóma	Ég borða köku með rjóma.	female	30-39	Russia	NAN	2021-10-15 21:22:57	NAN	0	3.46	16000	110670	Mozilla/5.0 (Linux; arm_64; Android 10; CLT-L29) AppleWebKit/537.36 (KHTML, like Gecko) Chrome/91.0.4472.164 YaBrowser/21.6.6.55.00 SA/3 Mobile Safari/537.36
1454993	021372	021372-1454993.wav	0203	ég borða köku með rjóma	Ég borða köku með rjóma.	female	30-39	Serbo-Croatian	NAN	2021-10-18 10:27:24	NAN	0	2.86	16000	91556	Mozilla/5.0 (Windows NT 10.0; Win64; x64) AppleWebKit/537.36 (KHTML, like Gecko) Chrome/94.0.4606.71 Safari/537.36
1454529	021367	021367-1454529.wav	0203	ég borða köku með rjóma	Ég borða köku með rjóma.	female	40-49	Spanish	NAN	2021-10-16 16:08:28	NAN	0	2.77	16000	88824	Mozilla/5.0 (Windows NT 10.0; Win64; x64) AppleWebKit/537.36 (KHTML, like Gecko) Chrome/94.0.4606.81 Safari/537.36
1454925	021370	021370-1454925.wav	0203	ég borða köku með rjóma	Ég borða köku með rjóma.	female	40-49	Czech	NAN	2021-10-17 16:08:33	NAN	0	3.93	16000	125688	Mozilla/5.0 (Windows NT 10.0; Win64; x64; rv:93.0) Gecko/20100101 Firefox/93.0
1907025	013675	013675-1907025.wav	0203	ég borða köku með rjóma	Ég borða köku með rjóma.	female	40-49	Icelandic	NAN	2022-01-20 22:20:35	NAN	0	3.11	16000	99748	Mozilla/5.0 (Macintosh; Intel Mac OS X 10_15_6) AppleWebKit/605.1.15 (KHTML, like Gecko) Version/15.1 Safari/605.1.15
1454210	021366	021366-1454210.wav	0105	klukkan fjögur er mikil umferð	Klukkan fjögur er mikil umferð.	female	30-39	Russia	NAN	2021-10-15 21:19:27	NAN	0	3.97	16000	127054	Mozilla/5.0 (Linux; arm_64; Android 10; CLT-L29) AppleWebKit/537.36 (KHTML, like Gecko) Chrome/91.0.4472.164 YaBrowser/21.6.6.55.00 SA/3 Mobile Safari/537.36
1454679	021368	021368-1454679.wav	0105	klukkan fjögur er mikil umferð	Klukkan fjögur er mikil umferð.	female	40-49	Spanish	NAN	2021-10-16 18:32:41	NAN	0	3.58	16000	114766	Mozilla/5.0 (X11; Linux x86_64) AppleWebKit/537.36 (KHTML, like Gecko) SamsungBrowser/15.0 Chrome/90.0.4430.210 Safari/537.36
1454466	021367	021367-1454466.wav	0105	klukkan fjögur er mikil umferð	Klukkan fjögur er mikil umferð.	female	40-49	Spanish	NAN	2021-10-16 15:47:32	NAN	0	4.01	16000	128420	Mozilla/5.0 (Windows NT 10.0; Win64; x64) AppleWebKit/537.36 (KHTML, like Gecko) Chrome/94.0.4606.81 Safari/537.36
1454908	021370	021370-1454908.wav	0105	klukkan fjögur er mikil umferð	Klukkan fjögur er mikil umferð.	female	40-49	Czech	NAN	2021-10-17 16:05:03	NAN	0	4.69	16000	150264	Mozilla/5.0 (Windows NT 10.0; Win64; x64; rv:93.0) Gecko/20100101 Firefox/93.0
1454321	021364	021364-1454321.wav	0105	klukkan fjögur er mikil umferð	Klukkan fjögur er mikil umferð.	female	30-39	Russia	NAN	2021-10-15 21:59:30	NAN	0	3.8	16000	121592	Mozilla/5.0 (Windows NT 10.0; Win64; x64) AppleWebKit/537.36 (KHTML, like Gecko) Chrome/94.0.4606.81 Safari/537.36
2925188	025513	025513-2925188.wav	0105	klukkan fjögur er mikil umferð	Klukkan fjögur er mikil umferð.	female	12	Icelandic	NAN	2022-01-26 12:59:16	NAN	0	2.39	16000	76538	Mozilla/5.0 (Macintosh; Intel Mac OS X 10_15_6) AppleWebKit/605.1.15 (KHTML, like Gecko) Version/15.1 Safari/605.1.15
1453042	021347	021347-1453042.wav	0209	ég fer í heita pottinn ferð þú í kalda pottinn	Ég fer í heita pottinn. Ferð þú í kalda pottinn?	male	40-49	Slovak	NAN	2021-10-12 16:48:37	NAN	0	5.53	16000	176922	Mozilla/5.0 (Macintosh; Intel Mac OS X 10_15_7) AppleWebKit/605.1.15 (KHTML, like Gecko) Version/14.1.1 Safari/605.1.15
1454560	021367	021367-1454560.wav	0209	ég fer í heita pottinn ferð þú í kalda pottinn	Ég fer í heita pottinn. Ferð þú í kalda pottinn?	female	40-49	Spanish	NAN	2021-10-16 16:17:07	NAN	0	4.48	16000	143438	Mozilla/5.0 (Windows NT 10.0; Win64; x64) AppleWebKit/537.36 (KHTML, like Gecko) Chrome/94.0.4606.81 Safari/537.36
1454844	021369	021369-1454844.wav	0209	ég fer í heita pottinn ferð þú í kalda pottinn	Ég fer í heita pottinn. Ferð þú í kalda pottinn?	female	60-69	Icelandic	NAN	2021-10-17 13:58:03	NAN	0	4.44	16000	142072	Mozilla/5.0 (Windows NT 10.0; Win64; x64; rv:93.0) Gecko/20100101 Firefox/93.0
1454133	021365	021365-1454133.wav	0154	styttan er af jóni jón er frægur maður	Styttan er af Jóni. Jón er frægur maður.	female	30-39	Russia	NAN	2021-10-15 21:01:07	NAN	0	4.35	16000	139342	Mozilla/5.0 (Linux; Android 10; CLT-L29) AppleWebKit/537.36 (KHTML, like Gecko) Chrome/93.0.4577.62 Mobile Safari/537.36
1454720	021368	021368-1454720.wav	0154	styttan er af jóni jón er frægur maður	Styttan er af Jóni. Jón er frægur maður.	female	40-49	Spanish	NAN	2021-10-16 18:52:41	NAN	0	5.5	16000	176206	Mozilla/5.0 (X11; Linux x86_64) AppleWebKit/537.36 (KHTML, like Gecko) SamsungBrowser/15.0 Chrome/90.0.4430.210 Safari/537.36
1878135	024582	024582-1878135.wav	0154	styttan er af jóni jón er frægur maður	Styttan er af Jóni. Jón er frægur maður.	female	20-29	German	NAN	2021-11-22 22:17:43	NAN	0	5.25	16000	168014	Mozilla/5.0 (iPhone; CPU iPhone OS 15_0_1 like Mac OS X) AppleWebKit/605.1.15 (KHTML, like Gecko) Version/15.0 Mobile/15E148 Safari/604.1
1454360	021364	021364-1454360.wav	0154	styttan er af jóni jón er frægur maður	Styttan er af Jóni. Jón er frægur maður.	female	30-39	Russia	NAN	2021-10-15 22:03:19	NAN	0	4.18	16000	133880	Mozilla/5.0 (Windows NT 10.0; Win64; x64) AppleWebKit/537.36 (KHTML, like Gecko) Chrome/94.0.4606.81 Safari/537.36
3090946	025513	025513-3090946.wav	0154	styttan er af jóni jón er frægur maður	Styttan er af Jóni. Jón er frægur maður.	female	12	Icelandic	NAN	2022-01-26 19:48:27	NAN	0	2.65	16000	84730	Mozilla/5.0 (iPhone; CPU iPhone OS 15_2_1 like Mac OS X) AppleWebKit/605.1.15 (KHTML, like Gecko) Version/15.2 Mobile/15E148 Safari/604.1
1454715	021368	021368-1454715.wav	0007	bankinn er langt í burtu	Bankinn er langt í burtu.	female	40-49	Spanish	NAN	2021-10-16 18:51:21	NAN	0	3.07	16000	98382	Mozilla/5.0 (X11; Linux x86_64) AppleWebKit/537.36 (KHTML, like Gecko) SamsungBrowser/15.0 Chrome/90.0.4430.210 Safari/537.36
1453828	021358	021358-1453828.wav	0007	bankinn er langt í burtu	Bankinn er langt í burtu.	female	30-39	English	NAN	2021-10-13 13:38:20	NAN	0	2.6	16000	83364	Mozilla/5.0 (Macintosh; Intel Mac OS X 10_15_7) AppleWebKit/537.36 (KHTML, like Gecko) Chrome/94.0.4606.81 Safari/537.36
1454356	021364	021364-1454356.wav	0007	bankinn er langt í burtu	Bankinn er langt í burtu.	female	30-39	Russia	NAN	2021-10-15 22:02:57	NAN	0	2.94	16000	94286	Mozilla/5.0 (Windows NT 10.0; Win64; x64) AppleWebKit/537.36 (KHTML, like Gecko) Chrome/94.0.4606.81 Safari/537.36
1872520	024417	024417-1872520.wav	0007	bankinn er langt í burtu	Bankinn er langt í burtu.	female	50-59	Icelandic	NAN	2021-11-16 10:08:23	NAN	0	2.69	16000	86094	Mozilla/5.0 (Windows NT 10.0; Win64; x64) AppleWebKit/537.36 (KHTML, like Gecko) Chrome/95.0.4638.69 Safari/537.36 Edg/95.0.1020.53
1454129	021365	021365-1454129.wav	0001	addi lætur sig alltaf hverfa snemma	Addi lætur sig alltaf hverfa snemma.	female	30-39	Russia	NAN	2021-10-15 21:00:33	NAN	0	3.97	16000	127054	Mozilla/5.0 (Linux; Android 10; CLT-L29) AppleWebKit/537.36 (KHTML, like Gecko) Chrome/93.0.4577.62 Mobile Safari/537.36
1454355	021364	021364-1454355.wav	0001	addi lætur sig alltaf hverfa snemma	Addi lætur sig alltaf hverfa snemma.	female	30-39	Russia	NAN	2021-10-15 22:02:52	NAN	0	3.88	16000	124324	Mozilla/5.0 (Windows NT 10.0; Win64; x64) AppleWebKit/537.36 (KHTML, like Gecko) Chrome/94.0.4606.81 Safari/537.36
1939783	025208	025208-1939783.wav	0001	addi lætur sig alltaf hverfa snemma	Addi lætur sig alltaf hverfa snemma.	female	12	Icelandic	NAN	2022-01-21 13:05:10	NAN	0	2.88	16000	92216	Mozilla/5.0 (Macintosh; Intel Mac OS X 10_15_6) AppleWebKit/605.1.15 (KHTML, like Gecko) Version/15.1 Safari/605.1.15
1878297	024567	024567-1878297.wav	0252	það eru sjö sjoppur í þorpinu	Það eru sjö sjoppur í þorpinu!	female	30-39	Polish	NAN	2021-11-23 13:30:08	NAN	0	4.57	16000	146168	Mozilla/5.0 (Windows NT 10.0; Win64; x64; rv:94.0) Gecko/20100101 Firefox/94.0
1454594	021367	021367-1454594.wav	0252	það eru sjö sjoppur í þorpinu	Það eru sjö sjoppur í þorpinu!	female	40-49	Spanish	NAN	2021-10-16 16:25:53	NAN	0	4.01	16000	128420	Mozilla/5.0 (Windows NT 10.0; Win64; x64) AppleWebKit/537.36 (KHTML, like Gecko) Chrome/94.0.4606.81 Safari/537.36
3242142	030200	030200-3242142.wav	0252	það eru sjö sjoppur í þorpinu	Það eru sjö sjoppur í þorpinu!	female	40-49	Icelandic	NAN	2022-01-26 23:23:37	NAN	0	4.82	16000	154360	Mozilla/5.0 (iPhone; CPU iPhone OS 15_1_1 like Mac OS X) AppleWebKit/605.1.15 (KHTML, like Gecko) Version/15.1 Mobile/15E148 Safari/604.1
1453046	021347	021347-1453046.wav	0172	viljið þið mjólk og sykur	Viljið þið mjólk og sykur?	male	40-49	Slovak	NAN	2021-10-12 16:49:00	NAN	0	3.39	16000	108562	Mozilla/5.0 (Macintosh; Intel Mac OS X 10_15_7) AppleWebKit/605.1.15 (KHTML, like Gecko) Version/14.1.1 Safari/605.1.15
1454727	021368	021368-1454727.wav	0172	viljið þið mjólk og sykur	Viljið þið mjólk og sykur?	female	40-49	Spanish	NAN	2021-10-16 18:55:06	NAN	0	3.33	16000	106574	Mozilla/5.0 (X11; Linux x86_64) AppleWebKit/537.36 (KHTML, like Gecko) SamsungBrowser/15.0 Chrome/90.0.4430.210 Safari/537.36
2699333	025513	025513-2699333.wav	0172	viljið þið mjólk og sykur	Viljið þið mjólk og sykur?	female	12	Icelandic	NAN	2022-01-25 21:46:21	NAN	0	2.35	16000	75172	Mozilla/5.0 (iPhone; CPU iPhone OS 15_2_1 like Mac OS X) AppleWebKit/605.1.15 (KHTML, like Gecko) Version/15.2 Mobile/15E148 Safari/604.1
1454967	021371	021371-1454967.wav	0212	ég hef ekki sagt það	Ég hef ekki sagt það!	male	20-29	Persian	NAN	2021-10-17 20:29:38	NAN	0	2.56	16000	81998	Mozilla/5.0 (Linux; Android 9; SM-N960U) AppleWebKit/537.36 (KHTML, like Gecko) Chrome/94.0.4606.85 Mobile Safari/537.36
1453777	021358	021358-1453777.wav	0212	ég hef ekki sagt það	Ég hef ekki sagt það!	female	30-39	English	NAN	2021-10-13 12:53:57	NAN	0	2.47	16000	79268	Mozilla/5.0 (Macintosh; Intel Mac OS X 10_15_7) AppleWebKit/537.36 (KHTML, like Gecko) Chrome/94.0.4606.81 Safari/537.36
1454485	021367	021367-1454485.wav	0212	ég hef ekki sagt það	Ég hef ekki sagt það!	female	40-49	Spanish	NAN	2021-10-16 15:54:20	NAN	0	2.26	16000	72440	Mozilla/5.0 (Windows NT 10.0; Win64; x64) AppleWebKit/537.36 (KHTML, like Gecko) Chrome/94.0.4606.81 Safari/537.36
1453108	021351	021351-1453108.wav	0212	ég hef ekki sagt það	Ég hef ekki sagt það!	male	40-49	Slovak	NAN	2021-10-12 16:58:27	NAN	0	3.16	16000	101112	Mozilla/5.0 (Macintosh; Intel Mac OS X 10_15_7) AppleWebKit/537.36 (KHTML, like Gecko) Chrome/94.0.4606.71 Safari/537.36
1454327	021364	021364-1454327.wav	0212	ég hef ekki sagt það	Ég hef ekki sagt það!	female	30-39	Russia	NAN	2021-10-15 22:00:07	NAN	0	3.03	16000	97016	Mozilla/5.0 (Windows NT 10.0; Win64; x64) AppleWebKit/537.36 (KHTML, like Gecko) Chrome/94.0.4606.81 Safari/537.36
1453200	021346	021346-1453200.wav	0212	ég hef ekki sagt það	Ég hef ekki sagt það!	female	60-69	Icelandic	NAN	2021-10-12 17:15:58	NAN	0	2.97	16000	95188	Mozilla/5.0 (Macintosh; Intel Mac OS X 10.15; rv:91.0) Gecko/20100101 Firefox/91.0
1455037	021370	021370-1455037.wav	0057	hann veiddi fisk en þau veiddu humar	Hann veiddi fisk en þau veiddu humar.	female	40-49	Czech	NAN	2021-10-18 18:22:19	NAN	0	4.27	16000	136612	Mozilla/5.0 (Windows NT 10.0; Win64; x64; rv:93.0) Gecko/20100101 Firefox/93.0
2261758	022105	022105-2261758.wav	0057	hann veiddi fisk en þau veiddu humar	Hann veiddi fisk en þau veiddu humar.	female	30-39	Icelandic	NAN	2022-01-24 14:14:59	NAN	0	2.56	16000	81998	Mozilla/5.0 (iPhone; CPU iPhone OS 15_2_1 like Mac OS X) AppleWebKit/605.1.15 (KHTML, like Gecko) Version/15.2 Mobile/15E148 Safari/604.1
1879018	024599	024599-1879018.wav	0238	í gær lærði ég nýtt lýsingarorð	Í gær lærði ég nýtt lýsingarorð.	male	20-29	Polish	NAN	2021-11-30 22:56:53	NAN	0	5.12	16000	163918	Mozilla/5.0 (Windows NT 6.1; Win64; x64; rv:94.0) Gecko/20100101 Firefox/94.0
1454259	021366	021366-1454259.wav	0238	í gær lærði ég nýtt lýsingarorð	Í gær lærði ég nýtt lýsingarorð.	female	30-39	Russia	NAN	2021-10-15 21:26:29	NAN	0	4.22	16000	135246	Mozilla/5.0 (Linux; arm_64; Android 10; CLT-L29) AppleWebKit/537.36 (KHTML, like Gecko) Chrome/91.0.4472.164 YaBrowser/21.6.6.55.00 SA/3 Mobile Safari/537.36
1453142	021351	021351-1453142.wav	0238	í gær lærði ég nýtt lýsingarorð	Í gær lærði ég nýtt lýsingarorð.	male	40-49	Slovak	NAN	2021-10-12 17:01:15	NAN	0	3.29	16000	105208	Mozilla/5.0 (Macintosh; Intel Mac OS X 10_15_7) AppleWebKit/537.36 (KHTML, like Gecko) Chrome/94.0.4606.71 Safari/537.36
2096773	025617	025617-2096773.wav	0238	í gær lærði ég nýtt lýsingarorð	Í gær lærði ég nýtt lýsingarorð.	female	11	Icelandic	NAN	2022-01-23 15:04:40	NAN	0	4.37	16000	139770	Mozilla/5.0 (Macintosh; Intel Mac OS X 10_15_6) AppleWebKit/605.1.15 (KHTML, like Gecko) Version/15.2 Safari/605.1.15
1454202	021366	021366-1454202.wav	0148	skógafoss er neðsti fossinn í skógaá	Skógafoss er neðsti fossinn í Skógaá.	female	30-39	Russia	NAN	2021-10-15 21:18:13	NAN	0	4.1	16000	131150	Mozilla/5.0 (Linux; arm_64; Android 10; CLT-L29) AppleWebKit/537.36 (KHTML, like Gecko) Chrome/91.0.4472.164 YaBrowser/21.6.6.55.00 SA/3 Mobile Safari/537.36
1454957	021371	021371-1454957.wav	0148	skógafoss er neðsti fossinn í skógaá	Skógafoss er neðsti fossinn í Skógaá.	male	20-29	Persian	NAN	2021-10-17 20:25:58	NAN	0	5.25	16000	168014	Mozilla/5.0 (Linux; Android 9; SM-N960U) AppleWebKit/537.36 (KHTML, like Gecko) Chrome/94.0.4606.85 Mobile Safari/537.36
1453454	012186	012186-1453454.wav	0148	skógafoss er neðsti fossinn í skógaá	Skógafoss er neðsti fossinn í Skógaá.	male	30-39	Swedish	NAN	2021-10-13 11:11:04	NAN	0	4.52	16000	144804	Mozilla/5.0 (X11; Linux x86_64) AppleWebKit/537.36 (KHTML, like Gecko) Chrome/94.0.4606.81 Safari/537.36
1454903	021370	021370-1454903.wav	0148	skógafoss er neðsti fossinn í skógaá	Skógafoss er neðsti fossinn í Skógaá.	female	40-49	Czech	NAN	2021-10-17 16:04:06	NAN	0	5.08	16000	162552	Mozilla/5.0 (Windows NT 10.0; Win64; x64; rv:93.0) Gecko/20100101 Firefox/93.0
1454311	021364	021364-1454311.wav	0148	skógafoss er neðsti fossinn í skógaá	Skógafoss er neðsti fossinn í Skógaá.	female	30-39	Russia	NAN	2021-10-15 21:58:59	NAN	0	3.84	16000	122958	Mozilla/5.0 (Windows NT 10.0; Win64; x64) AppleWebKit/537.36 (KHTML, like Gecko) Chrome/94.0.4606.81 Safari/537.36
1992043	015706	015706-1992043.wav	0148	skógafoss er neðsti fossinn í skógaá	Skógafoss er neðsti fossinn í Skógaá.	female	20-29	Icelandic	NAN	2022-01-22 00:03:00	NAN	0	2.56	16000	81998	Mozilla/5.0 (iPhone; CPU iPhone OS 14_8_1 like Mac OS X) AppleWebKit/605.1.15 (KHTML, like Gecko) Version/14.1.2 Mobile/15E148 Safari/604.1
1455054	021370	021370-1455054.wav	0083	hún bjó í ungverjalandi þegar hún var ung	Hún bjó í Ungverjalandi þegar hún var ung.	female	40-49	Czech	NAN	2021-10-18 18:25:04	NAN	0	4.1	16000	131150	Mozilla/5.0 (Windows NT 10.0; Win64; x64; rv:93.0) Gecko/20100101 Firefox/93.0
1454391	021364	021364-1454391.wav	0083	hún bjó í ungverjalandi þegar hún var ung	Hún bjó í Ungverjalandi þegar hún var ung.	female	30-39	Russia	NAN	2021-10-15 22:06:11	NAN	0	4.22	16000	135246	Mozilla/5.0 (Windows NT 10.0; Win64; x64) AppleWebKit/537.36 (KHTML, like Gecko) Chrome/94.0.4606.81 Safari/537.36
1823349	023783	023783-1823349.wav	0083	hún bjó í ungverjalandi þegar hún var ung	Hún bjó í Ungverjalandi þegar hún var ung.	female	50-59	Icelandic	NAN	2021-11-15 20:56:38	NAN	0	3.54	16000	113400	Mozilla/5.0 (Windows NT 10.0; Win64; x64) AppleWebKit/537.36 (KHTML, like Gecko) Chrome/95.0.4638.69 Safari/537.36
1454564	021367	021367-1454564.wav	0043	góðan og blessaðan daginn maggi minn	Góðan og blessaðan daginn, Maggi minn.	female	40-49	Spanish	NAN	2021-10-16 16:18:25	NAN	0	3.2	16000	102478	Mozilla/5.0 (Windows NT 10.0; Win64; x64) AppleWebKit/537.36 (KHTML, like Gecko) Chrome/94.0.4606.81 Safari/537.36
1454943	021370	021370-1454943.wav	0043	góðan og blessaðan daginn maggi minn	Góðan og blessaðan daginn, Maggi minn.	female	40-49	Czech	NAN	2021-10-17 16:12:20	NAN	0	4.78	16000	152996	Mozilla/5.0 (Windows NT 10.0; Win64; x64; rv:93.0) Gecko/20100101 Firefox/93.0
2620967	028870	028870-2620967.wav	0043	góðan og blessaðan daginn maggi minn	Góðan og blessaðan daginn, Maggi minn.	female	10	Icelandic	NAN	2022-01-25 18:40:47	NAN	0	3.24	16000	103844	Mozilla/5.0 (iPhone; CPU iPhone OS 15_2_1 like Mac OS X) AppleWebKit/605.1.15 (KHTML, like Gecko) Version/15.2 Mobile/15E148 Safari/604.1
1878780	024597	024597-1878780.wav	0229	ég verð að fara núna	Ég verð að fara núna!	male	30-39	English	NAN	2021-11-30 16:39:40	NAN	0	3.29	16000	105208	Mozilla/5.0 (Macintosh; Intel Mac OS X 10_15_7) AppleWebKit/537.36 (KHTML, like Gecko) Chrome/96.0.4664.55 Safari/537.36
1453824	021358	021358-1453824.wav	0229	ég verð að fara núna	Ég verð að fara núna!	female	30-39	English	NAN	2021-10-13 13:50:19	NAN	0	2.22	16000	71076	Mozilla/5.0 (Macintosh; Intel Mac OS X 10_15_7) AppleWebKit/537.36 (KHTML, like Gecko) Chrome/94.0.4606.81 Safari/537.36
1454547	021367	021367-1454547.wav	0229	ég verð að fara núna	Ég verð að fara núna!	female	40-49	Spanish	NAN	2021-10-16 16:13:35	NAN	0	3.03	16000	97016	Mozilla/5.0 (Windows NT 10.0; Win64; x64) AppleWebKit/537.36 (KHTML, like Gecko) Chrome/94.0.4606.81 Safari/537.36
1453130	021351	021351-1453130.wav	0229	ég verð að fara núna	Ég verð að fara núna!	male	40-49	Slovak	NAN	2021-10-12 17:00:15	NAN	0	2.82	16000	90190	Mozilla/5.0 (Macintosh; Intel Mac OS X 10_15_7) AppleWebKit/537.36 (KHTML, like Gecko) Chrome/94.0.4606.71 Safari/537.36
1454936	021370	021370-1454936.wav	0229	ég verð að fara núna	Ég verð að fara núna!	female	40-49	Czech	NAN	2021-10-17 16:10:43	NAN	0	3.37	16000	107940	Mozilla/5.0 (Windows NT 10.0; Win64; x64; rv:93.0) Gecko/20100101 Firefox/93.0
2215151	027049	027049-2215151.wav	0229	ég verð að fara núna	Ég verð að fara núna!	male	11	Icelandic	NAN	2022-01-24 11:27:38	NAN	0	1.76	16000	56550	Mozilla/5.0 (Macintosh; Intel Mac OS X 10_15_6) AppleWebKit/605.1.15 (KHTML, like Gecko) Version/15.1 Safari/605.1.15
1454999	021372	021372-1454999.wav	0112	kæra þóra velkomin til reykjavíkur	Kæra Þóra. Velkomin til Reykjavíkur.	female	30-39	Serbo-Croatian	NAN	2021-10-18 10:28:39	NAN	0	3.54	16000	113400	Mozilla/5.0 (Windows NT 10.0; Win64; x64) AppleWebKit/537.36 (KHTML, like Gecko) Chrome/94.0.4606.71 Safari/537.36
1454705	021368	021368-1454705.wav	0112	kæra þóra velkomin til reykjavíkur	Kæra Þóra. Velkomin til Reykjavíkur.	female	40-49	Spanish	NAN	2021-10-16 18:47:24	NAN	0	4.48	16000	143438	Mozilla/5.0 (X11; Linux x86_64) AppleWebKit/537.36 (KHTML, like Gecko) SamsungBrowser/15.0 Chrome/90.0.4430.210 Safari/537.36
1878739	024597	024597-1878739.wav	0112	kæra þóra velkomin til reykjavíkur	Kæra Þóra. Velkomin til Reykjavíkur.	male	30-39	English	NAN	2021-11-30 16:33:54	NAN	0	5.21	16000	166648	Mozilla/5.0 (Macintosh; Intel Mac OS X 10_15_7) AppleWebKit/537.36 (KHTML, like Gecko) Chrome/96.0.4664.55 Safari/537.36
1453126	021351	021351-1453126.wav	0112	kæra þóra velkomin til reykjavíkur	Kæra Þóra. Velkomin til Reykjavíkur.	male	40-49	Slovak	NAN	2021-10-12 16:59:56	NAN	0	3.97	16000	127054	Mozilla/5.0 (Macintosh; Intel Mac OS X 10_15_7) AppleWebKit/537.36 (KHTML, like Gecko) Chrome/94.0.4606.71 Safari/537.36
3243089	030200	030200-3243089.wav	0112	kæra þóra velkomin til reykjavíkur	Kæra Þóra. Velkomin til Reykjavíkur.	female	40-49	Icelandic	NAN	2022-01-26 23:24:44	NAN	0	5.25	16000	168014	Mozilla/5.0 (iPhone; CPU iPhone OS 15_1_1 like Mac OS X) AppleWebKit/605.1.15 (KHTML, like Gecko) Version/15.1 Mobile/15E148 Safari/604.1
1454139	021365	021365-1454139.wav	0267	þorpið er ekki svo stórt	Þorpið er ekki svo stórt.	female	30-39	Russia	NAN	2021-10-15 21:01:59	NAN	0	3.71	16000	118862	Mozilla/5.0 (Linux; Android 10; CLT-L29) AppleWebKit/537.36 (KHTML, like Gecko) Chrome/93.0.4577.62 Mobile Safari/537.36
1454945	021370	021370-1454945.wav	0267	þorpið er ekki svo stórt	Þorpið er ekki svo stórt.	female	40-49	Czech	NAN	2021-10-17 16:12:38	NAN	0	4.52	16000	144804	Mozilla/5.0 (Windows NT 10.0; Win64; x64; rv:93.0) Gecko/20100101 Firefox/93.0
3242349	030200	030200-3242349.wav	0267	þorpið er ekki svo stórt	Þorpið er ekki svo stórt.	female	40-49	Icelandic	NAN	2022-01-26 23:23:41	NAN	0	3.58	16000	114766	Mozilla/5.0 (iPhone; CPU iPhone OS 15_1_1 like Mac OS X) AppleWebKit/605.1.15 (KHTML, like Gecko) Version/15.1 Mobile/15E148 Safari/604.1
1454782	021368	021368-1454782.wav	0102	jónas hallgrímsson var líka þýðandi	Jónas Hallgrímsson var líka þýðandi.	female	40-49	Spanish	NAN	2021-10-16 19:10:20	NAN	0	4.35	16000	139342	Mozilla/5.0 (X11; Linux x86_64) AppleWebKit/537.36 (KHTML, like Gecko) SamsungBrowser/15.0 Chrome/90.0.4430.210 Safari/537.36
1453171	021351	021351-1453171.wav	0102	jónas hallgrímsson var líka þýðandi	Jónas Hallgrímsson var líka þýðandi.	male	40-49	Slovak	NAN	2021-10-12 17:03:44	NAN	0	3.2	16000	102478	Mozilla/5.0 (Macintosh; Intel Mac OS X 10_15_7) AppleWebKit/537.36 (KHTML, like Gecko) Chrome/94.0.4606.71 Safari/537.36
1878327	024585	024585-1878327.wav	0102	jónas hallgrímsson var líka þýðandi	Jónas Hallgrímsson var líka þýðandi.	female	30-39	Spanish	NAN	2021-11-23 19:30:13	NAN	0	3.88	16000	124324	Mozilla/5.0 (Windows NT 10.0; Win64; x64) AppleWebKit/537.36 (KHTML, like Gecko) Chrome/96.0.4664.45 Safari/537.36 Edg/96.0.1054.29
2109724	024897	024897-2109724.wav	0102	jónas hallgrímsson var líka þýðandi	Jónas Hallgrímsson var líka þýðandi.	female	40-49	Icelandic	NAN	2022-01-23 16:45:46	NAN	0	2.52	16000	80632	Mozilla/5.0 (iPhone; CPU iPhone OS 15_2 like Mac OS X) AppleWebKit/605.1.15 (KHTML, like Gecko) CriOS/97.0.4692.84 Mobile/15E148 Safari/604.1
1454173	021365	021365-1454173.wav	0147	skáld er einhver sem yrkir ljóð	Skáld er einhver sem yrkir ljóð.	female	30-39	Russia	NAN	2021-10-15 21:08:23	NAN	0	4.1	16000	131150	Mozilla/5.0 (Linux; Android 10; CLT-L29) AppleWebKit/537.36 (KHTML, like Gecko) Chrome/93.0.4577.62 Mobile Safari/537.36
3102730	027280	027280-3102730.wav	0147	skáld er einhver sem yrkir ljóð	Skáld er einhver sem yrkir ljóð.	male	30-39	Icelandic	NAN	2022-01-26 20:10:25	NAN	0	2.86	16000	91556	Mozilla/5.0 (iPhone; CPU iPhone OS 15_2_1 like Mac OS X) AppleWebKit/605.1.15 (KHTML, like Gecko) Version/15.2 Mobile/15E148 Safari/604.1
1454264	021366	021366-1454264.wav	0119	ljóð hans fjalla oft um íslenska náttúru	Ljóð hans fjalla oft um íslenska náttúru.	female	30-39	Russia	NAN	2021-10-15 21:27:10	NAN	0	4.99	16000	159822	Mozilla/5.0 (Linux; arm_64; Android 10; CLT-L29) AppleWebKit/537.36 (KHTML, like Gecko) Chrome/91.0.4472.164 YaBrowser/21.6.6.55.00 SA/3 Mobile Safari/537.36
1453853	021358	021358-1453853.wav	0119	ljóð hans fjalla oft um íslenska náttúru	Ljóð hans fjalla oft um íslenska náttúru.	female	30-39	English	NAN	2021-10-13 13:49:29	NAN	0	3.75	16000	120228	Mozilla/5.0 (Macintosh; Intel Mac OS X 10_15_7) AppleWebKit/537.36 (KHTML, like Gecko) Chrome/94.0.4606.81 Safari/537.36
1876279	024535	024535-1876279.wav	0119	ljóð hans fjalla oft um íslenska náttúru	Ljóð hans fjalla oft um íslenska náttúru.	male	20-29	Icelandic	NAN	2021-11-18 11:21:19	NAN	0	3.88	16000	124324	Mozilla/5.0 (Macintosh; Intel Mac OS X 10_15_6) AppleWebKit/605.1.15 (KHTML, like Gecko) Version/14.0.2 Safari/605.1.15
1878235	024578	024578-1878235.wav	0070	huginn er í löngu flugi	Huginn er í löngu flugi.	male	60-69	English	NAN	2021-11-22 23:12:10	NAN	0	6.83	16000	218532	Mozilla/5.0 (Macintosh; Intel Mac OS X 10_15_7) AppleWebKit/537.36 (KHTML, like Gecko) Chrome/96.0.4664.55 Safari/537.36
1454939	021370	021370-1454939.wav	0070	huginn er í löngu flugi	Huginn er í löngu flugi.	female	40-49	Czech	NAN	2021-10-17 16:11:11	NAN	0	3.97	16000	127054	Mozilla/5.0 (Windows NT 10.0; Win64; x64; rv:93.0) Gecko/20100101 Firefox/93.0
1948159	013675	013675-1948159.wav	0070	huginn er í löngu flugi	Huginn er í löngu flugi.	female	40-49	Icelandic	NAN	2022-01-21 14:21:25	NAN	0	3.58	16000	114766	Mozilla/5.0 (Linux; Android 9; SAMSUNG SM-A750FN) AppleWebKit/537.36 (KHTML, like Gecko) SamsungBrowser/16.0 Chrome/92.0.4515.166 Mobile Safari/537.36
1878967	024599	024599-1878967.wav	0163	turninn er fimmtíu metra hár	Turninn er fimmtíu metra hár.	male	20-29	Polish	NAN	2021-11-30 22:49:02	NAN	0	4.69	16000	150264	Mozilla/5.0 (Windows NT 6.1; Win64; x64; rv:94.0) Gecko/20100101 Firefox/94.0
1453947	021358	021358-1453947.wav	0163	turninn er fimmtíu metra hár	Turninn er fimmtíu metra hár.	female	30-39	English	NAN	2021-10-13 14:17:46	NAN	0	2.82	16000	90190	Mozilla/5.0 (Macintosh; Intel Mac OS X 10_15_7) AppleWebKit/537.36 (KHTML, like Gecko) Chrome/94.0.4606.81 Safari/537.36
2470312	024832	024832-2470312.wav	0163	turninn er fimmtíu metra hár	Turninn er fimmtíu metra hár.	female	11	Icelandic	NAN	2022-01-25 11:12:16	NAN	0	2.97	16000	95188	Mozilla/5.0 (Macintosh; Intel Mac OS X 10_15_6) AppleWebKit/605.1.15 (KHTML, like Gecko) Version/15.2 Safari/605.1.15
1454144	021365	021365-1454144.wav	0266	þetta hús er hvítt ég bý í hvítu húsi	Þetta hús er hvítt. Ég bý í hvítu húsi.	female	30-39	Russia	NAN	2021-10-15 21:03:04	NAN	0	4.86	16000	155726	Mozilla/5.0 (Linux; Android 10; CLT-L29) AppleWebKit/537.36 (KHTML, like Gecko) Chrome/93.0.4577.62 Mobile Safari/537.36
1878342	024585	024585-1878342.wav	0266	þetta hús er hvítt ég bý í hvítu húsi	Þetta hús er hvítt. Ég bý í hvítu húsi.	female	30-39	Spanish	NAN	2021-11-23 19:31:35	NAN	0	4.35	16000	139342	Mozilla/5.0 (Windows NT 10.0; Win64; x64) AppleWebKit/537.36 (KHTML, like Gecko) Chrome/96.0.4664.45 Safari/537.36 Edg/96.0.1054.29
1878141	024582	024582-1878141.wav	0266	þetta hús er hvítt ég bý í hvítu húsi	Þetta hús er hvítt. Ég bý í hvítu húsi.	female	20-29	German	NAN	2021-11-22 22:18:32	NAN	0	5.03	16000	161188	Mozilla/5.0 (iPhone; CPU iPhone OS 15_0_1 like Mac OS X) AppleWebKit/605.1.15 (KHTML, like Gecko) Version/15.0 Mobile/15E148 Safari/604.1
2212270	024832	024832-2212270.wav	0266	þetta hús er hvítt ég bý í hvítu húsi	Þetta hús er hvítt. Ég bý í hvítu húsi.	female	11	Icelandic	NAN	2022-01-24 11:21:21	NAN	0	4.64	16000	148686	Mozilla/5.0 (Macintosh; Intel Mac OS X 10_15_6) AppleWebKit/605.1.15 (KHTML, like Gecko) Version/15.2 Safari/605.1.15
1453069	021347	021347-1453069.wav	0145	segðu honum að koma klukkan sjö	Segðu honum að koma klukkan sjö.	male	40-49	Slovak	NAN	2021-10-12 16:51:35	NAN	0	4.18	16000	133826	Mozilla/5.0 (Macintosh; Intel Mac OS X 10_15_7) AppleWebKit/605.1.15 (KHTML, like Gecko) Version/14.1.1 Safari/605.1.15
1454768	021368	021368-1454768.wav	0145	segðu honum að koma klukkan sjö	Segðu honum að koma klukkan sjö.	female	40-49	Spanish	NAN	2021-10-16 19:06:19	NAN	0	3.2	16000	102478	Mozilla/5.0 (X11; Linux x86_64) AppleWebKit/537.36 (KHTML, like Gecko) SamsungBrowser/15.0 Chrome/90.0.4430.210 Safari/537.36
1453913	021358	021358-1453913.wav	0145	segðu honum að koma klukkan sjö	Segðu honum að koma klukkan sjö.	female	30-39	English	NAN	2021-10-13 14:07:20	NAN	0	3.5	16000	112036	Mozilla/5.0 (Macintosh; Intel Mac OS X 10_15_7) AppleWebKit/537.36 (KHTML, like Gecko) Chrome/94.0.4606.81 Safari/537.36
1452997	021349	021349-1452997.wav	0145	segðu honum að koma klukkan sjö	Segðu honum að koma klukkan sjö.	male	20-29	Icelandic	NAN	2021-10-13 11:29:37	NAN	0	2.56	16000	81998	Mozilla/5.0 (X11; Linux x86_64) AppleWebKit/537.36 (KHTML, like Gecko) Chrome/93.0.4577.63 Safari/537.36
1454178	021365	021365-1454178.wav	0182	viltu sýrðan rjóma með tertunni	Viltu sýrðan rjóma með tertunni?	female	30-39	Russia	NAN	2021-10-15 21:09:35	NAN	0	4.1	16000	131150	Mozilla/5.0 (Linux; Android 10; CLT-L29) AppleWebKit/537.36 (KHTML, like Gecko) Chrome/93.0.4577.62 Mobile Safari/537.36
1455061	021370	021370-1455061.wav	0182	viltu sýrðan rjóma með tertunni	Viltu sýrðan rjóma með tertunni?	female	40-49	Czech	NAN	2021-10-18 18:25:51	NAN	0	4.14	16000	132516	Mozilla/5.0 (Windows NT 10.0; Win64; x64; rv:93.0) Gecko/20100101 Firefox/93.0
2560208	024801	024801-2560208.wav	0182	viltu sýrðan rjóma með tertunni	Viltu sýrðan rjóma með tertunni?	female	11	Icelandic	NAN	2022-01-25 15:12:28	NAN	0	2.88	16000	92216	Mozilla/5.0 (Macintosh; Intel Mac OS X 10_15_6) AppleWebKit/605.1.15 (KHTML, like Gecko) Version/15.2 Safari/605.1.15
1454593	021367	021367-1454593.wav	0082	hér vinnur margt ungt fólk	Hér vinnur margt ungt fólk.	female	40-49	Spanish	NAN	2021-10-16 16:25:37	NAN	0	4.65	16000	148900	Mozilla/5.0 (Windows NT 10.0; Win64; x64) AppleWebKit/537.36 (KHTML, like Gecko) Chrome/94.0.4606.81 Safari/537.36
1455041	021370	021370-1455041.wav	0082	hér vinnur margt ungt fólk	Hér vinnur margt ungt fólk.	female	40-49	Czech	NAN	2021-10-18 18:23:04	NAN	0	4.01	16000	128420	Mozilla/5.0 (Windows NT 10.0; Win64; x64; rv:93.0) Gecko/20100101 Firefox/93.0
3201184	028853	028853-3201184.wav	0082	hér vinnur margt ungt fólk	Hér vinnur margt ungt fólk.	male	30-39	Icelandic	NAN	2022-01-26 22:25:17	NAN	0	2.05	16000	65614	Mozilla/5.0 (Linux; Android 11; IN2013) AppleWebKit/537.36 (KHTML, like Gecko) Chrome/97.0.4692.98 Mobile Safari/537.36
1454991	021372	021372-1454991.wav	0004	allt í lagi segir egill	Allt í lagi, segir Egill.	female	30-39	Serbo-Croatian	NAN	2021-10-18 10:27:07	NAN	0	2.99	16000	95652	Mozilla/5.0 (Windows NT 10.0; Win64; x64) AppleWebKit/537.36 (KHTML, like Gecko) Chrome/94.0.4606.71 Safari/537.36
1878302	024567	024567-1878302.wav	0004	allt í lagi segir egill	Allt í lagi, segir Egill.	female	30-39	Polish	NAN	2021-11-23 13:30:50	NAN	0	3.41	16000	109304	Mozilla/5.0 (Windows NT 10.0; Win64; x64; rv:94.0) Gecko/20100101 Firefox/94.0
1454692	021368	021368-1454692.wav	0004	allt í lagi segir egill	Allt í lagi, segir Egill.	female	40-49	Spanish	NAN	2021-10-16 18:43:35	NAN	0	3.71	16000	118862	Mozilla/5.0 (X11; Linux x86_64) AppleWebKit/537.36 (KHTML, like Gecko) SamsungBrowser/15.0 Chrome/90.0.4430.210 Safari/537.36
1454526	021367	021367-1454526.wav	0004	allt í lagi segir egill	Allt í lagi, segir Egill.	female	40-49	Spanish	NAN	2021-10-16 16:07:56	NAN	0	2.77	16000	88824	Mozilla/5.0 (Windows NT 10.0; Win64; x64) AppleWebKit/537.36 (KHTML, like Gecko) Chrome/94.0.4606.81 Safari/537.36
1454340	021364	021364-1454340.wav	0004	allt í lagi segir egill	Allt í lagi, segir Egill.	female	30-39	Russia	NAN	2021-10-15 22:01:29	NAN	0	3.11	16000	99748	Mozilla/5.0 (Windows NT 10.0; Win64; x64) AppleWebKit/537.36 (KHTML, like Gecko) Chrome/94.0.4606.81 Safari/537.36
2927756	025513	025513-2927756.wav	0004	allt í lagi segir egill	Allt í lagi, segir Egill.	female	12	Icelandic	NAN	2022-01-26 13:02:36	NAN	0	2.13	16000	68346	Mozilla/5.0 (Macintosh; Intel Mac OS X 10_15_6) AppleWebKit/605.1.15 (KHTML, like Gecko) Version/15.1 Safari/605.1.15
1878971	024599	024599-1878971.wav	0245	það er falleg leið sem heitir laugavegur	Það er falleg leið sem heitir Laugavegur.	male	20-29	Polish	NAN	2021-11-30 22:49:28	NAN	0	4.48	16000	143438	Mozilla/5.0 (Windows NT 6.1; Win64; x64; rv:94.0) Gecko/20100101 Firefox/94.0
1878774	024597	024597-1878774.wav	0245	það er falleg leið sem heitir laugavegur	Það er falleg leið sem heitir Laugavegur.	male	30-39	English	NAN	2021-11-30 16:38:57	NAN	0	4.78	16000	152996	Mozilla/5.0 (Macintosh; Intel Mac OS X 10_15_7) AppleWebKit/537.36 (KHTML, like Gecko) Chrome/96.0.4664.55 Safari/537.36
1453801	021358	021358-1453801.wav	0245	það er falleg leið sem heitir laugavegur	Það er falleg leið sem heitir Laugavegur.	female	30-39	English	NAN	2021-10-13 13:27:12	NAN	0	3.8	16000	121592	Mozilla/5.0 (Macintosh; Intel Mac OS X 10_15_7) AppleWebKit/537.36 (KHTML, like Gecko) Chrome/94.0.4606.81 Safari/537.36
2269943	025682	025682-2269943.wav	0245	það er falleg leið sem heitir laugavegur	Það er falleg leið sem heitir Laugavegur.	female	11	Icelandic	NAN	2022-01-24 15:18:13	NAN	0	2.6	16000	83298	Mozilla/5.0 (Macintosh; Intel Mac OS X 10_15_6) AppleWebKit/605.1.15 (KHTML, like Gecko) Version/15.1 Safari/605.1.15
1878444	024587	024587-1878444.wav	0220	ég keypti nýjan snjallsíma í gær	Ég keypti nýjan snjallsíma í gær.	female	30-39	Polish	NAN	2021-11-23 23:30:22	NAN	0	3.93	16000	125688	Mozilla/5.0 (Macintosh; Intel Mac OS X 10_15_3) AppleWebKit/537.36 (KHTML, like Gecko) Chrome/95.0.4638.69 Safari/537.36
1454109	021365	021365-1454109.wav	0220	ég keypti nýjan snjallsíma í gær	Ég keypti nýjan snjallsíma í gær.	female	30-39	Russia	NAN	2021-10-15 20:57:33	NAN	0	4.22	16000	135246	Mozilla/5.0 (Linux; Android 10; CLT-L29) AppleWebKit/537.36 (KHTML, like Gecko) Chrome/93.0.4577.62 Mobile Safari/537.36
1878291	024567	024567-1878291.wav	0220	ég keypti nýjan snjallsíma í gær	Ég keypti nýjan snjallsíma í gær.	female	30-39	Polish	NAN	2021-11-23 13:29:03	NAN	0	4.48	16000	143438	Mozilla/5.0 (Windows NT 10.0; Win64; x64; rv:94.0) Gecko/20100101 Firefox/94.0
1454686	021368	021368-1454686.wav	0220	ég keypti nýjan snjallsíma í gær	Ég keypti nýjan snjallsíma í gær.	female	40-49	Spanish	NAN	2021-10-16 18:40:29	NAN	0	4.35	16000	139342	Mozilla/5.0 (X11; Linux x86_64) AppleWebKit/537.36 (KHTML, like Gecko) SamsungBrowser/15.0 Chrome/90.0.4430.210 Safari/537.36
1454919	021370	021370-1454919.wav	0220	ég keypti nýjan snjallsíma í gær	Ég keypti nýjan snjallsíma í gær.	female	40-49	Czech	NAN	2021-10-17 16:07:24	NAN	0	4.44	16000	142072	Mozilla/5.0 (Windows NT 10.0; Win64; x64; rv:93.0) Gecko/20100101 Firefox/93.0
1453376	021354	021354-1453376.wav	0220	ég keypti nýjan snjallsíma í gær	Ég keypti nýjan snjallsíma í gær.	male	20-29	Icelandic	NAN	2021-10-12 23:08:33	NAN	0	2.73	16000	87460	Mozilla/5.0 (Macintosh; Intel Mac OS X 10_15_4) AppleWebKit/537.36 (KHTML, like Gecko) Chrome/93.0.4577.82 Safari/537.36
1878980	024599	024599-1878980.wav	0014	brauð og kornvörur fást í matvörubúðinni	Brauð og kornvörur fást í matvörubúðinni.	male	20-29	Polish	NAN	2021-11-30 22:50:49	NAN	0	5.63	16000	180302	Mozilla/5.0 (Windows NT 6.1; Win64; x64; rv:94.0) Gecko/20100101 Firefox/94.0
1452713	021347	021347-1452713.wav	0014	brauð og kornvörur fást í matvörubúðinni	Brauð og kornvörur fást í matvörubúðinni.	male	40-49	Slovak	NAN	2021-10-11 13:18:55	NAN	0	6.22	16000	199212	Mozilla/5.0 (Macintosh; Intel Mac OS X 10_15_7) AppleWebKit/605.1.15 (KHTML, like Gecko) Version/14.1.1 Safari/605.1.15
1454958	021371	021371-1454958.wav	0014	brauð og kornvörur fást í matvörubúðinni	Brauð og kornvörur fást í matvörubúðinni.	male	20-29	Persian	NAN	2021-10-17 20:26:08	NAN	0	6.66	16000	213070	Mozilla/5.0 (Linux; Android 9; SM-N960U) AppleWebKit/537.36 (KHTML, like Gecko) Chrome/94.0.4606.85 Mobile Safari/537.36
1454672	021368	021368-1454672.wav	0014	brauð og kornvörur fást í matvörubúðinni	Brauð og kornvörur fást í matvörubúðinni.	female	40-49	Spanish	NAN	2021-10-16 18:30:00	NAN	0	4.99	16000	159822	Mozilla/5.0 (X11; Linux x86_64) AppleWebKit/537.36 (KHTML, like Gecko) SamsungBrowser/15.0 Chrome/90.0.4430.210 Safari/537.36
1453757	021358	021358-1453757.wav	0014	brauð og kornvörur fást í matvörubúðinni	Brauð og kornvörur fást í matvörubúðinni.	female	30-39	English	NAN	2021-10-13 12:50:05	NAN	0	3.93	16000	125688	Mozilla/5.0 (Macintosh; Intel Mac OS X 10_15_7) AppleWebKit/537.36 (KHTML, like Gecko) Chrome/94.0.4606.81 Safari/537.36
1878411	024578	024578-1878411.wav	0014	brauð og kornvörur fást í matvörubúðinni	Brauð og kornvörur fást í matvörubúðinni.	male	60-69	English	NAN	2021-11-23 20:41:54	NAN	0	9.43	16000	301816	Mozilla/5.0 (Macintosh; Intel Mac OS X 10_15_7) AppleWebKit/537.36 (KHTML, like Gecko) Chrome/96.0.4664.55 Safari/537.36
1453099	021351	021351-1453099.wav	0014	brauð og kornvörur fást í matvörubúðinni	Brauð og kornvörur fást í matvörubúðinni.	male	40-49	Slovak	NAN	2021-10-12 16:57:39	NAN	0	5.21	16000	166648	Mozilla/5.0 (Macintosh; Intel Mac OS X 10_15_7) AppleWebKit/537.36 (KHTML, like Gecko) Chrome/94.0.4606.71 Safari/537.36
2219685	024753	024753-2219685.wav	0014	brauð og kornvörur fást í matvörubúðinni	Brauð og kornvörur fást í matvörubúðinni.	female	12	Icelandic	NAN	2022-01-24 11:39:10	NAN	0	2.83	16000	90730	Mozilla/5.0 (Macintosh; Intel Mac OS X 10_15_6) AppleWebKit/605.1.15 (KHTML, like Gecko) Version/14.1.2 Safari/605.1.15
1454977	021372	021372-1454977.wav	0232	ég ætla að fara þangað á morgun	Ég ætla að fara þangað á morgun.	female	30-39	Serbo-Croatian	NAN	2021-10-18 10:23:50	NAN	0	3.11	16000	99748	Mozilla/5.0 (Windows NT 10.0; Win64; x64) AppleWebKit/537.36 (KHTML, like Gecko) Chrome/94.0.4606.71 Safari/537.36
1454961	021371	021371-1454961.wav	0232	ég ætla að fara þangað á morgun	Ég ætla að fara þangað á morgun.	male	20-29	Persian	NAN	2021-10-17 20:26:50	NAN	0	3.33	16000	106574	Mozilla/5.0 (Linux; Android 9; SM-N960U) AppleWebKit/537.36 (KHTML, like Gecko) Chrome/94.0.4606.85 Mobile Safari/537.36
1454677	021368	021368-1454677.wav	0232	ég ætla að fara þangað á morgun	Ég ætla að fara þangað á morgun.	female	40-49	Spanish	NAN	2021-10-16 18:32:21	NAN	0	3.46	16000	110670	Mozilla/5.0 (X11; Linux x86_64) AppleWebKit/537.36 (KHTML, like Gecko) SamsungBrowser/15.0 Chrome/90.0.4430.210 Safari/537.36
1453760	021358	021358-1453760.wav	0232	ég ætla að fara þangað á morgun	Ég ætla að fara þangað á morgun.	female	30-39	English	NAN	2021-10-13 12:51:21	NAN	0	3.07	16000	98382	Mozilla/5.0 (Macintosh; Intel Mac OS X 10_15_7) AppleWebKit/537.36 (KHTML, like Gecko) Chrome/94.0.4606.81 Safari/537.36
1453102	021351	021351-1453102.wav	0232	ég ætla að fara þangað á morgun	Ég ætla að fara þangað á morgun.	male	40-49	Slovak	NAN	2021-10-12 16:57:57	NAN	0	4.05	16000	129784	Mozilla/5.0 (Macintosh; Intel Mac OS X 10_15_7) AppleWebKit/537.36 (KHTML, like Gecko) Chrome/94.0.4606.71 Safari/537.36
1454319	021364	021364-1454319.wav	0232	ég ætla að fara þangað á morgun	Ég ætla að fara þangað á morgun.	female	30-39	Russia	NAN	2021-10-15 21:59:24	NAN	0	3.71	16000	118862	Mozilla/5.0 (Windows NT 10.0; Win64; x64) AppleWebKit/537.36 (KHTML, like Gecko) Chrome/94.0.4606.81 Safari/537.36
2096173	025617	025617-2096173.wav	0232	ég ætla að fara þangað á morgun	Ég ætla að fara þangað á morgun.	female	11	Icelandic	NAN	2022-01-23 15:00:29	NAN	0	3.11	16000	99646	Mozilla/5.0 (Macintosh; Intel Mac OS X 10_15_6) AppleWebKit/605.1.15 (KHTML, like Gecko) Version/15.2 Safari/605.1.15
1454675	021368	021368-1454675.wav	0132	nei það kom mér svolítið á óvart	Nei! Það kom mér svolítið á óvart!	female	40-49	Spanish	NAN	2021-10-16 18:31:34	NAN	0	4.22	16000	135246	Mozilla/5.0 (X11; Linux x86_64) AppleWebKit/537.36 (KHTML, like Gecko) SamsungBrowser/15.0 Chrome/90.0.4430.210 Safari/537.36
1878569	024579	024579-1878569.wav	0132	nei það kom mér svolítið á óvart	Nei! Það kom mér svolítið á óvart!	female	20-29	other	NAN	2021-11-25 21:03:04	NAN	0	7.98	16000	255396	Mozilla/5.0 (iPhone; CPU iPhone OS 15_0_2 like Mac OS X) AppleWebKit/605.1.15 (KHTML, like Gecko) Version/15.0 Mobile/15E148 Safari/604.1
1877972	024578	024578-1877972.wav	0132	nei það kom mér svolítið á óvart	Nei! Það kom mér svolítið á óvart!	male	60-69	English	NAN	2021-11-22 19:45:12	NAN	0	7.47	16000	239012	Mozilla/5.0 (Macintosh; Intel Mac OS X 10_15_7) AppleWebKit/537.36 (KHTML, like Gecko) Chrome/96.0.4664.55 Safari/537.36
1453467	012186	012186-1453467.wav	0132	nei það kom mér svolítið á óvart	Nei! Það kom mér svolítið á óvart!	male	30-39	Swedish	NAN	2021-10-13 11:17:11	NAN	0	3.29	16000	105208	Mozilla/5.0 (X11; Linux x86_64) AppleWebKit/537.36 (KHTML, like Gecko) Chrome/94.0.4606.81 Safari/537.36
1454318	021364	021364-1454318.wav	0132	nei það kom mér svolítið á óvart	Nei! Það kom mér svolítið á óvart!	female	30-39	Russia	NAN	2021-10-15 21:59:12	NAN	0	3.84	16000	122958	Mozilla/5.0 (Windows NT 10.0; Win64; x64) AppleWebKit/537.36 (KHTML, like Gecko) Chrome/94.0.4606.81 Safari/537.36
1953121	013675	013675-1953121.wav	0132	nei það kom mér svolítið á óvart	Nei! Það kom mér svolítið á óvart!	female	40-49	Icelandic	NAN	2022-01-21 15:27:20	NAN	0	3.58	16000	114766	Mozilla/5.0 (Linux; Android 9; SAMSUNG SM-A750FN) AppleWebKit/537.36 (KHTML, like Gecko) SamsungBrowser/16.0 Chrome/92.0.4515.166 Mobile Safari/537.36
1878293	024567	024567-1878293.wav	0169	verslunargatan í reykjavík heitir líka laugavegur	Verslunargatan í Reykjavík heitir líka Laugavegur.	female	30-39	Polish	NAN	2021-11-23 13:29:20	NAN	0	5.63	16000	180302	Mozilla/5.0 (Windows NT 10.0; Win64; x64; rv:94.0) Gecko/20100101 Firefox/94.0
1924378	025073	025073-1924378.wav	0169	verslunargatan í reykjavík heitir líka laugavegur	Verslunargatan í Reykjavík heitir líka Laugavegur.	female	11	Icelandic	NAN	2022-01-21 11:04:18	NAN	0	5.11	16000	163546	Mozilla/5.0 (Macintosh; Intel Mac OS X 10_15_6) AppleWebKit/605.1.15 (KHTML, like Gecko) Version/15.2 Mobile/15E148 Safari/604.1
1453090	021347	021347-1453090.wav	0235	ég ætla að fá tvo miða	Ég ætla að fá tvo miða.	male	40-49	Slovak	NAN	2021-10-12 16:54:07	NAN	0	3.76	16000	120450	Mozilla/5.0 (Macintosh; Intel Mac OS X 10_15_7) AppleWebKit/605.1.15 (KHTML, like Gecko) Version/14.1.1 Safari/605.1.15
2255273	025517	025517-2255273.wav	0235	ég ætla að fá tvo miða	Ég ætla að fá tvo miða.	female	12	Icelandic	NAN	2022-01-24 13:50:08	NAN	0	2.18	16000	69924	Mozilla/5.0 (Macintosh; Intel Mac OS X 10_15_6) AppleWebKit/605.1.15 (KHTML, like Gecko) Version/15.1 Safari/605.1.15
1454988	021372	021372-1454988.wav	0201	ég bara skil ekki hvað er í gangi	Ég bara skil ekki hvað er í gangi.	female	30-39	Serbo-Croatian	NAN	2021-10-18 10:26:34	NAN	0	3.37	16000	107940	Mozilla/5.0 (Windows NT 10.0; Win64; x64) AppleWebKit/537.36 (KHTML, like Gecko) Chrome/94.0.4606.71 Safari/537.36
1454519	021367	021367-1454519.wav	0201	ég bara skil ekki hvað er í gangi	Ég bara skil ekki hvað er í gangi.	female	40-49	Spanish	NAN	2021-10-16 16:05:53	NAN	0	3.07	16000	98382	Mozilla/5.0 (Windows NT 10.0; Win64; x64) AppleWebKit/537.36 (KHTML, like Gecko) Chrome/94.0.4606.81 Safari/537.36
2342258	027628	027628-2342258.wav	0201	ég bara skil ekki hvað er í gangi	Ég bara skil ekki hvað er í gangi.	female	11	Icelandic	NAN	2022-01-24 20:48:50	NAN	0	2.41	16000	77354	Mozilla/5.0 (Macintosh; Intel Mac OS X 10_15_6) AppleWebKit/605.1.15 (KHTML, like Gecko) Version/14.0.3 Safari/605.1.15
1878863	024599	024599-1878863.wav	0186	við keyptum okkur ferð til egyptalands	Við keyptum okkur ferð til Egyptalands.	male	20-29	Polish	NAN	2021-11-30 22:33:12	NAN	0	5.08	16000	162552	Mozilla/5.0 (Windows NT 6.1; Win64; x64; rv:94.0) Gecko/20100101 Firefox/94.0
1453050	021347	021347-1453050.wav	0186	við keyptum okkur ferð til egyptalands	Við keyptum okkur ferð til Egyptalands.	male	40-49	Slovak	NAN	2021-10-12 16:49:34	NAN	0	4.69	16000	150172	Mozilla/5.0 (Macintosh; Intel Mac OS X 10_15_7) AppleWebKit/605.1.15 (KHTML, like Gecko) Version/14.1.1 Safari/605.1.15
1965685	024783	024783-1965685.wav	0186	við keyptum okkur ferð til egyptalands	Við keyptum okkur ferð til Egyptalands.	female	50-59	Icelandic	NAN	2022-01-21 18:07:07	NAN	0	2.43	16000	77902	Mozilla/5.0 (Windows NT 10.0; Win64; x64) AppleWebKit/537.36 (KHTML, like Gecko) Chrome/97.0.4692.71 Safari/537.36
1878834	024599	024599-1878834.wav	0192	við ætlum að fá tvo latte og eina kökusneið	Við ætlum að fá tvo latte og eina kökusneið.	male	20-29	Polish	NAN	2021-11-30 19:37:52	NAN	0	4.95	16000	158456	Mozilla/5.0 (Windows NT 6.1; Win64; x64; rv:94.0) Gecko/20100101 Firefox/94.0
1454283	021366	021366-1454283.wav	0192	við ætlum að fá tvo latte og eina kökusneið	Við ætlum að fá tvo latte og eina kökusneið.	female	30-39	Russia	NAN	2021-10-15 21:29:47	NAN	0	4.99	16000	159822	Mozilla/5.0 (Linux; arm_64; Android 10; CLT-L29) AppleWebKit/537.36 (KHTML, like Gecko) Chrome/91.0.4472.164 YaBrowser/21.6.6.55.00 SA/3 Mobile Safari/537.36
2191829	025517	025517-2191829.wav	0192	við ætlum að fá tvo latte og eina kökusneið	Við ætlum að fá tvo latte og eina kökusneið.	female	12	Icelandic	NAN	2022-01-24 09:57:45	NAN	0	3.93	16000	125690	Mozilla/5.0 (Macintosh; Intel Mac OS X 10_15_6) AppleWebKit/605.1.15 (KHTML, like Gecko) Version/15.1 Safari/605.1.15
1454275	021366	021366-1454275.wav	0095	já við gerum það bless	Já, við gerum það. Bless.	female	30-39	Russia	NAN	2021-10-15 21:28:39	NAN	0	3.71	16000	118862	Mozilla/5.0 (Linux; arm_64; Android 10; CLT-L29) AppleWebKit/537.36 (KHTML, like Gecko) Chrome/91.0.4472.164 YaBrowser/21.6.6.55.00 SA/3 Mobile Safari/537.36
1453063	021347	021347-1453063.wav	0095	já við gerum það bless	Já, við gerum það. Bless.	male	40-49	Slovak	NAN	2021-10-12 16:50:56	NAN	0	3.85	16000	123422	Mozilla/5.0 (Macintosh; Intel Mac OS X 10_15_7) AppleWebKit/605.1.15 (KHTML, like Gecko) Version/14.1.1 Safari/605.1.15
1454758	021368	021368-1454758.wav	0095	já við gerum það bless	Já, við gerum það. Bless.	female	40-49	Spanish	NAN	2021-10-16 19:03:42	NAN	0	3.97	16000	127054	Mozilla/5.0 (X11; Linux x86_64) AppleWebKit/537.36 (KHTML, like Gecko) SamsungBrowser/15.0 Chrome/90.0.4430.210 Safari/537.36
1453159	021351	021351-1453159.wav	0095	já við gerum það bless	Já, við gerum það. Bless.	male	40-49	Slovak	NAN	2021-10-12 17:02:42	NAN	0	3.5	16000	112036	Mozilla/5.0 (Macintosh; Intel Mac OS X 10_15_7) AppleWebKit/537.36 (KHTML, like Gecko) Chrome/94.0.4606.71 Safari/537.36
2356362	027752	027752-2356362.wav	0095	já við gerum það bless	Já, við gerum það. Bless.	female	40-49	Icelandic	NAN	2022-01-24 21:23:33	NAN	0	4.22	16000	135246	Mozilla/5.0 (Linux; Android 11; SAMSUNG SM-A415F) AppleWebKit/537.36 (KHTML, like Gecko) SamsungBrowser/16.0 Chrome/92.0.4515.166 Mobile Safari/537.36
1878831	024599	024599-1878831.wav	0268	þátíð veikra og sterkra sagna	Þátíð veikra og sterkra sagna.	male	20-29	Polish	NAN	2021-11-30 19:40:04	NAN	0	5.03	16000	161188	Mozilla/5.0 (Windows NT 6.1; Win64; x64; rv:94.0) Gecko/20100101 Firefox/94.0
1453888	021358	021358-1453888.wav	0268	þátíð veikra og sterkra sagna	Þátíð veikra og sterkra sagna.	female	30-39	English	NAN	2021-10-13 13:59:40	NAN	0	3.46	16000	110670	Mozilla/5.0 (Macintosh; Intel Mac OS X 10_15_7) AppleWebKit/537.36 (KHTML, like Gecko) Chrome/94.0.4606.81 Safari/537.36
1925009	025073	025073-1925009.wav	0268	þátíð veikra og sterkra sagna	Þátíð veikra og sterkra sagna.	female	11	Icelandic	NAN	2022-01-21 11:13:06	NAN	0	4.23	16000	135312	Mozilla/5.0 (Macintosh; Intel Mac OS X 10_15_6) AppleWebKit/605.1.15 (KHTML, like Gecko) Version/15.2 Mobile/15E148 Safari/604.1
1878818	024599	024599-1878818.wav	0071	hvar er taskan þín hún er á borðinu	Hvar er taskan þín? Hún er á borðinu.	male	20-29	Polish	NAN	2021-11-30 19:35:23	NAN	0	3.8	16000	121592	Mozilla/5.0 (Windows NT 6.1; Win64; x64; rv:94.0) Gecko/20100101 Firefox/94.0
1458514	021349	021349-1458514.wav	0071	hvar er taskan þín hún er á borðinu	Hvar er taskan þín? Hún er á borðinu.	male	20-29	Icelandic	NAN	2021-11-05 11:14:48	NAN	0	3.24	16000	103844	Mozilla/5.0 (X11; Linux x86_64) AppleWebKit/537.36 (KHTML, like Gecko) Chrome/95.0.4638.54 Safari/537.36
1454385	021364	021364-1454385.wav	0261	þessi orðræða er orðin þreytt	Þessi orðræða er orðin þreytt!	female	30-39	Russia	NAN	2021-10-15 22:05:39	NAN	0	3.63	16000	116132	Mozilla/5.0 (Windows NT 10.0; Win64; x64) AppleWebKit/537.36 (KHTML, like Gecko) Chrome/94.0.4606.81 Safari/537.36
1925604	025073	025073-1925604.wav	0261	þessi orðræða er orðin þreytt	Þessi orðræða er orðin þreytt!	female	11	Icelandic	NAN	2022-01-21 11:17:47	NAN	0	3.48	16000	111534	Mozilla/5.0 (Macintosh; Intel Mac OS X 10_15_6) AppleWebKit/605.1.15 (KHTML, like Gecko) Version/15.2 Safari/605.1.15
1878906	024599	024599-1878906.wav	0031	finnst þér gaman að veiða fisk	Finnst þér gaman að veiða fisk?	male	20-29	Polish	NAN	2021-11-30 22:40:55	NAN	0	3.54	16000	113400	Mozilla/5.0 (Windows NT 6.1; Win64; x64; rv:94.0) Gecko/20100101 Firefox/94.0
1453068	021347	021347-1453068.wav	0031	finnst þér gaman að veiða fisk	Finnst þér gaman að veiða fisk?	male	40-49	Slovak	NAN	2021-10-12 16:51:29	NAN	0	3.72	16000	118964	Mozilla/5.0 (Macintosh; Intel Mac OS X 10_15_7) AppleWebKit/605.1.15 (KHTML, like Gecko) Version/14.1.1 Safari/605.1.15
1454764	021368	021368-1454764.wav	0031	finnst þér gaman að veiða fisk	Finnst þér gaman að veiða fisk?	female	40-49	Spanish	NAN	2021-10-16 19:05:57	NAN	0	2.43	16000	77902	Mozilla/5.0 (X11; Linux x86_64) AppleWebKit/537.36 (KHTML, like Gecko) SamsungBrowser/15.0 Chrome/90.0.4430.210 Safari/537.36
1878476	024588	024588-1878476.wav	0031	finnst þér gaman að veiða fisk	Finnst þér gaman að veiða fisk?	female	20-29	other	NAN	2021-11-24 13:57:57	NAN	0	3.33	16000	106574	Mozilla/5.0 (Windows NT 10.0; Win64; x64) AppleWebKit/537.36 (KHTML, like Gecko) Chrome/96.0.4664.45 Safari/537.36
2219286	025416	025416-2219286.wav	0031	finnst þér gaman að veiða fisk	Finnst þér gaman að veiða fisk?	female	11	Icelandic	NAN	2022-01-24 11:38:17	NAN	0	2.46	16000	78840	Mozilla/5.0 (Macintosh; Intel Mac OS X 10_15_6) AppleWebKit/605.1.15 (KHTML, like Gecko) Version/15.2 Safari/605.1.15
1453044	021347	021347-1453044.wav	0125	munið að taka með handklæði	Munið að taka með handklæði!	male	40-49	Slovak	NAN	2021-10-12 16:48:50	NAN	0	4.18	16000	133826	Mozilla/5.0 (Macintosh; Intel Mac OS X 10_15_7) AppleWebKit/605.1.15 (KHTML, like Gecko) Version/14.1.1 Safari/605.1.15
1454944	021370	021370-1454944.wav	0125	munið að taka með handklæði	Munið að taka með handklæði!	female	40-49	Czech	NAN	2021-10-17 16:12:29	NAN	0	3.71	16000	118862	Mozilla/5.0 (Windows NT 10.0; Win64; x64; rv:93.0) Gecko/20100101 Firefox/93.0
2976431	030200	030200-2976431.wav	0125	munið að taka með handklæði	Munið að taka með handklæði!	female	40-49	Icelandic	NAN	2022-01-26 14:28:35	NAN	0	4.14	16000	132516	Mozilla/5.0 (Windows NT 10.0; Win64; x64; rv:96.0) Gecko/20100101 Firefox/96.0
1452710	021347	021347-1452710.wav	0098	jónas bjó bæði á íslandi og í danmörku	Jónas bjó bæði á Íslandi og í Danmörku.	male	40-49	Slovak	NAN	2021-10-11 13:18:30	NAN	0	5.71	16000	182866	Mozilla/5.0 (Macintosh; Intel Mac OS X 10_15_7) AppleWebKit/605.1.15 (KHTML, like Gecko) Version/14.1.1 Safari/605.1.15
1454971	021372	021372-1454971.wav	0098	jónas bjó bæði á íslandi og í danmörku	Jónas bjó bæði á Íslandi og í Danmörku.	female	30-39	Serbo-Croatian	NAN	2021-10-18 10:22:40	NAN	0	4.05	16000	129784	Mozilla/5.0 (Windows NT 10.0; Win64; x64) AppleWebKit/537.36 (KHTML, like Gecko) Chrome/94.0.4606.71 Safari/537.36
1454079	021365	021365-1454079.wav	0098	jónas bjó bæði á íslandi og í danmörku	Jónas bjó bæði á Íslandi og í Danmörku.	female	30-39	Russia	NAN	2021-10-15 20:51:24	NAN	0	3.71	16000	118862	Mozilla/5.0 (Linux; Android 10; CLT-L29) AppleWebKit/537.36 (KHTML, like Gecko) Chrome/93.0.4577.62 Mobile Safari/537.36
1454955	021371	021371-1454955.wav	0098	jónas bjó bæði á íslandi og í danmörku	Jónas bjó bæði á Íslandi og í Danmörku.	male	20-29	Persian	NAN	2021-10-17 20:25:00	NAN	0	4.48	16000	143438	Mozilla/5.0 (Linux; Android 9; SM-N960U) AppleWebKit/537.36 (KHTML, like Gecko) Chrome/94.0.4606.85 Mobile Safari/537.36
1454901	021370	021370-1454901.wav	0098	jónas bjó bæði á íslandi og í danmörku	Jónas bjó bæði á Íslandi og í Danmörku.	female	40-49	Czech	NAN	2021-10-17 16:03:40	NAN	0	6.19	16000	198052	Mozilla/5.0 (Windows NT 10.0; Win64; x64; rv:93.0) Gecko/20100101 Firefox/93.0
3082465	025208	025208-3082465.wav	0098	jónas bjó bæði á íslandi og í danmörku	Jónas bjó bæði á Íslandi og í Danmörku.	female	12	Icelandic	NAN	2022-01-26 19:32:27	NAN	0	2.97	16000	95188	Mozilla/5.0 (Macintosh; Intel Mac OS X 10_15_6) AppleWebKit/605.1.15 (KHTML, like Gecko) Version/15.1 Safari/605.1.15
1454212	021366	021366-1454212.wav	0188	við sendum bréf til englands hvert sendið þið bréf	Við sendum bréf til Englands. Hvert sendið þið bréf?	female	30-39	Russia	NAN	2021-10-15 21:20:12	NAN	0	5.76	16000	184398	Mozilla/5.0 (Linux; arm_64; Android 10; CLT-L29) AppleWebKit/537.36 (KHTML, like Gecko) Chrome/91.0.4472.164 YaBrowser/21.6.6.55.00 SA/3 Mobile Safari/537.36
1454964	021371	021371-1454964.wav	0188	við sendum bréf til englands hvert sendið þið bréf	Við sendum bréf til Englands. Hvert sendið þið bréf?	male	20-29	Persian	NAN	2021-10-17 20:28:31	NAN	0	6.14	16000	196686	Mozilla/5.0 (Linux; Android 9; SM-N960U) AppleWebKit/537.36 (KHTML, like Gecko) Chrome/94.0.4606.85 Mobile Safari/537.36
1878555	024579	024579-1878555.wav	0188	við sendum bréf til englands hvert sendið þið bréf	Við sendum bréf til Englands. Hvert sendið þið bréf?	female	20-29	other	NAN	2021-11-25 20:59:54	NAN	0	11.01	16000	352334	Mozilla/5.0 (iPhone; CPU iPhone OS 15_0_2 like Mac OS X) AppleWebKit/605.1.15 (KHTML, like Gecko) Version/15.0 Mobile/15E148 Safari/604.1
1454475	021367	021367-1454475.wav	0188	við sendum bréf til englands hvert sendið þið bréf	Við sendum bréf til Englands. Hvert sendið þið bréf?	female	40-49	Spanish	NAN	2021-10-16 15:52:22	NAN	0	5.03	16000	161188	Mozilla/5.0 (Windows NT 10.0; Win64; x64) AppleWebKit/537.36 (KHTML, like Gecko) Chrome/94.0.4606.81 Safari/537.36
1454910	021370	021370-1454910.wav	0188	við sendum bréf til englands hvert sendið þið bréf	Við sendum bréf til Englands. Hvert sendið þið bréf?	female	40-49	Czech	NAN	2021-10-17 16:05:30	NAN	0	5.72	16000	183032	Mozilla/5.0 (Windows NT 10.0; Win64; x64; rv:93.0) Gecko/20100101 Firefox/93.0
1454323	021364	021364-1454323.wav	0188	við sendum bréf til englands hvert sendið þið bréf	Við sendum bréf til Englands. Hvert sendið þið bréf?	female	30-39	Russia	NAN	2021-10-15 21:59:50	NAN	0	5.46	16000	174840	Mozilla/5.0 (Windows NT 10.0; Win64; x64) AppleWebKit/537.36 (KHTML, like Gecko) Chrome/94.0.4606.81 Safari/537.36
1926309	025073	025073-1926309.wav	0188	við sendum bréf til englands hvert sendið þið bréf	Við sendum bréf til Englands. Hvert sendið þið bréf?	female	11	Icelandic	NAN	2022-01-21 11:23:40	NAN	0	4.92	16000	157602	Mozilla/5.0 (Macintosh; Intel Mac OS X 10_15_6) AppleWebKit/605.1.15 (KHTML, like Gecko) Version/15.2 Safari/605.1.15
1454970	021372	021372-1454970.wav	0109	konan býr í reykjavík vinur hennar býr á akureyri	Konan býr í Reykjavík. Vinur hennar býr á Akureyri.	female	30-39	Serbo-Croatian	NAN	2021-10-18 10:22:23	NAN	0	5.8	16000	185764	Mozilla/5.0 (Windows NT 10.0; Win64; x64) AppleWebKit/537.36 (KHTML, like Gecko) Chrome/94.0.4606.71 Safari/537.36
1454078	021365	021365-1454078.wav	0109	konan býr í reykjavík vinur hennar býr á akureyri	Konan býr í Reykjavík. Vinur hennar býr á Akureyri.	female	30-39	Russia	NAN	2021-10-15 20:51:18	NAN	0	4.1	16000	131150	Mozilla/5.0 (Linux; Android 10; CLT-L29) AppleWebKit/537.36 (KHTML, like Gecko) Chrome/93.0.4577.62 Mobile Safari/537.36
1454954	021371	021371-1454954.wav	0109	konan býr í reykjavík vinur hennar býr á akureyri	Konan býr í Reykjavík. Vinur hennar býr á Akureyri.	male	20-29	Persian	NAN	2021-10-17 20:24:47	NAN	0	5.76	16000	184398	Mozilla/5.0 (Linux; Android 9; SM-N960U) AppleWebKit/537.36 (KHTML, like Gecko) Chrome/94.0.4606.85 Mobile Safari/537.36
1454663	021368	021368-1454663.wav	0109	konan býr í reykjavík vinur hennar býr á akureyri	Konan býr í Reykjavík. Vinur hennar býr á Akureyri.	female	40-49	Spanish	NAN	2021-10-16 18:24:41	NAN	0	5.76	16000	184398	Mozilla/5.0 (X11; Linux x86_64) AppleWebKit/537.36 (KHTML, like Gecko) SamsungBrowser/15.0 Chrome/90.0.4430.210 Safari/537.36
1453817	021360	021360-1453817.wav	0109	konan býr í reykjavík vinur hennar býr á akureyri	Konan býr í Reykjavík. Vinur hennar býr á Akureyri.	female	30-39	English	NAN	2021-10-13 13:32:53	NAN	0	4.05	16000	129784	Mozilla/5.0 (Macintosh; Intel Mac OS X 10_15_7) AppleWebKit/537.36 (KHTML, like Gecko) Chrome/94.0.4606.81 Safari/537.36
1454450	021367	021367-1454450.wav	0109	konan býr í reykjavík vinur hennar býr á akureyri	Konan býr í Reykjavík. Vinur hennar býr á Akureyri.	female	40-49	Spanish	NAN	2021-10-16 15:41:13	NAN	0	5.72	16000	183032	Mozilla/5.0 (Windows NT 10.0; Win64; x64) AppleWebKit/537.36 (KHTML, like Gecko) Chrome/94.0.4606.81 Safari/537.36
1878423	024578	024578-1878423.wav	0109	konan býr í reykjavík vinur hennar býr á akureyri	Konan býr í Reykjavík. Vinur hennar býr á Akureyri.	male	60-69	English	NAN	2021-11-23 20:44:15	NAN	0	8.87	16000	284068	Mozilla/5.0 (Macintosh; Intel Mac OS X 10_15_7) AppleWebKit/537.36 (KHTML, like Gecko) Chrome/96.0.4664.55 Safari/537.36
1453457	012186	012186-1453457.wav	0109	konan býr í reykjavík vinur hennar býr á akureyri	Konan býr í Reykjavík. Vinur hennar býr á Akureyri.	male	30-39	Swedish	NAN	2021-10-13 11:12:53	NAN	0	4.99	16000	159822	Mozilla/5.0 (X11; Linux x86_64) AppleWebKit/537.36 (KHTML, like Gecko) Chrome/94.0.4606.81 Safari/537.36
1452928	021349	021349-1452928.wav	0109	konan býr í reykjavík vinur hennar býr á akureyri	Konan býr í Reykjavík. Vinur hennar býr á Akureyri.	male	20-29	Icelandic	NAN	2021-10-13 11:25:17	NAN	0	3.46	16000	110670	Mozilla/5.0 (X11; Linux x86_64) AppleWebKit/537.36 (KHTML, like Gecko) Chrome/93.0.4577.63 Safari/537.36
1878808	024599	024599-1878808.wav	0114	kæru gestir velkomnir til akureyrar	Kæru gestir! Velkomnir til Akureyrar.	male	20-29	Polish	NAN	2021-11-30 19:34:11	NAN	0	4.31	16000	137976	Mozilla/5.0 (Windows NT 6.1; Win64; x64; rv:94.0) Gecko/20100101 Firefox/94.0
1454201	021366	021366-1454201.wav	0114	kæru gestir velkomnir til akureyrar	Kæru gestir! Velkomnir til Akureyrar.	female	30-39	Russia	NAN	2021-10-15 21:18:03	NAN	0	4.22	16000	135246	Mozilla/5.0 (Linux; arm_64; Android 10; CLT-L29) AppleWebKit/537.36 (KHTML, like Gecko) Chrome/91.0.4472.164 YaBrowser/21.6.6.55.00 SA/3 Mobile Safari/537.36
1452711	021347	021347-1452711.wav	0114	kæru gestir velkomnir til akureyrar	Kæru gestir! Velkomnir til Akureyrar.	male	40-49	Slovak	NAN	2021-10-11 13:18:37	NAN	0	4.55	16000	145714	Mozilla/5.0 (Macintosh; Intel Mac OS X 10_15_7) AppleWebKit/605.1.15 (KHTML, like Gecko) Version/14.1.1 Safari/605.1.15
1454453	021367	021367-1454453.wav	0114	kæru gestir velkomnir til akureyrar	Kæru gestir! Velkomnir til Akureyrar.	female	40-49	Spanish	NAN	2021-10-16 15:41:39	NAN	0	3.71	16000	118862	Mozilla/5.0 (Windows NT 10.0; Win64; x64) AppleWebKit/537.36 (KHTML, like Gecko) Chrome/94.0.4606.81 Safari/537.36
1454310	021364	021364-1454310.wav	0114	kæru gestir velkomnir til akureyrar	Kæru gestir! Velkomnir til Akureyrar.	female	30-39	Russia	NAN	2021-10-15 21:55:58	NAN	0	4.01	16000	128420	Mozilla/5.0 (Windows NT 10.0; Win64; x64) AppleWebKit/537.36 (KHTML, like Gecko) Chrome/94.0.4606.81 Safari/537.36
2469605	026915	026915-2469605.wav	0114	kæru gestir velkomnir til akureyrar	Kæru gestir! Velkomnir til Akureyrar.	male	12	Icelandic	NAN	2022-01-25 11:11:28	NAN	0	2.0	16000	63980	Mozilla/5.0 (Macintosh; Intel Mac OS X 10_15_6) AppleWebKit/605.1.15 (KHTML, like Gecko) Version/15.2 Safari/605.1.15
1454998	021372	021372-1454998.wav	0041	góðan dag hvað kostar miðinn	Góðan dag. Hvað kostar miðinn?	female	30-39	Serbo-Croatian	NAN	2021-10-18 10:28:20	NAN	0	3.54	16000	113400	Mozilla/5.0 (Windows NT 10.0; Win64; x64) AppleWebKit/537.36 (KHTML, like Gecko) Chrome/94.0.4606.71 Safari/537.36
1454122	021365	021365-1454122.wav	0041	góðan dag hvað kostar miðinn	Góðan dag. Hvað kostar miðinn?	female	30-39	Russia	NAN	2021-10-15 20:59:49	NAN	0	3.71	16000	118862	Mozilla/5.0 (Linux; Android 10; CLT-L29) AppleWebKit/537.36 (KHTML, like Gecko) Chrome/93.0.4577.62 Mobile Safari/537.36
1454702	021368	021368-1454702.wav	0041	góðan dag hvað kostar miðinn	Góðan dag. Hvað kostar miðinn?	female	40-49	Spanish	NAN	2021-10-16 18:47:07	NAN	0	3.58	16000	114766	Mozilla/5.0 (X11; Linux x86_64) AppleWebKit/537.36 (KHTML, like Gecko) SamsungBrowser/15.0 Chrome/90.0.4430.210 Safari/537.36
2855919	024874	024874-2855919.wav	0041	góðan dag hvað kostar miðinn	Góðan dag. Hvað kostar miðinn?	female	11	Icelandic	NAN	2022-01-26 10:42:10	NAN	0	2.6	16000	83298	Mozilla/5.0 (Macintosh; Intel Mac OS X 10_15_6) AppleWebKit/605.1.15 (KHTML, like Gecko) Version/15.1 Safari/605.1.15
1878814	024599	024599-1878814.wav	0160	til allrar hamingju söng hann vel	Til allrar hamingju söng hann vel!	male	20-29	Polish	NAN	2021-11-30 19:35:00	NAN	0	3.84	16000	122958	Mozilla/5.0 (Windows NT 6.1; Win64; x64; rv:94.0) Gecko/20100101 Firefox/94.0
1454094	021365	021365-1454094.wav	0160	til allrar hamingju söng hann vel	Til allrar hamingju söng hann vel!	female	30-39	Russia	NAN	2021-10-15 20:54:39	NAN	0	4.22	16000	135246	Mozilla/5.0 (Linux; Android 10; CLT-L29) AppleWebKit/537.36 (KHTML, like Gecko) Chrome/93.0.4577.62 Mobile Safari/537.36
1453487	021357	021357-1453487.wav	0160	til allrar hamingju söng hann vel	Til allrar hamingju söng hann vel!	male	20-29	Icelandic	NAN	2021-10-13 11:21:41	NAN	0	2.26	16000	72440	Mozilla/5.0 (X11; Linux x86_64) AppleWebKit/537.36 (KHTML, like Gecko) Chrome/93.0.4577.63 Safari/537.36
1878450	024587	024587-1878450.wav	0214	ég hef farið upp í hann tvisvar sinnum	Ég hef farið upp í hann tvisvar sinnum.	female	30-39	Polish	NAN	2021-11-23 23:31:20	NAN	0	4.48	16000	143438	Mozilla/5.0 (Macintosh; Intel Mac OS X 10_15_3) AppleWebKit/537.36 (KHTML, like Gecko) Chrome/95.0.4638.69 Safari/537.36
1454159	021365	021365-1454159.wav	0214	ég hef farið upp í hann tvisvar sinnum	Ég hef farið upp í hann tvisvar sinnum.	female	30-39	Russia	NAN	2021-10-15 21:06:01	NAN	0	4.86	16000	155726	Mozilla/5.0 (Linux; Android 10; CLT-L29) AppleWebKit/537.36 (KHTML, like Gecko) Chrome/93.0.4577.62 Mobile Safari/537.36
1878110	024578	024578-1878110.wav	0214	ég hef farið upp í hann tvisvar sinnum	Ég hef farið upp í hann tvisvar sinnum.	male	60-69	English	NAN	2021-11-22 21:17:51	NAN	0	6.53	16000	208974	Mozilla/5.0 (Macintosh; Intel Mac OS X 10_15_7) AppleWebKit/537.36 (KHTML, like Gecko) Chrome/96.0.4664.55 Safari/537.36
1962627	024783	024783-1962627.wav	0214	ég hef farið upp í hann tvisvar sinnum	Ég hef farið upp í hann tvisvar sinnum.	female	50-59	Icelandic	NAN	2022-01-21 17:30:45	NAN	0	2.47	16000	79268	Mozilla/5.0 (Windows NT 10.0; Win64; x64) AppleWebKit/537.36 (KHTML, like Gecko) Chrome/97.0.4692.71 Safari/537.36
1878912	024599	024599-1878912.wav	0056	hann var prestssonur og ólst upp á norðurlandi	Hann var prestssonur og ólst upp á Norðurlandi.	male	20-29	Polish	NAN	2021-11-30 22:41:21	NAN	0	5.89	16000	188494	Mozilla/5.0 (Windows NT 6.1; Win64; x64; rv:94.0) Gecko/20100101 Firefox/94.0
1454508	021367	021367-1454508.wav	0056	hann var prestssonur og ólst upp á norðurlandi	Hann var prestssonur og ólst upp á Norðurlandi.	female	40-49	Spanish	NAN	2021-10-16 16:02:02	NAN	0	5.03	16000	161188	Mozilla/5.0 (Windows NT 10.0; Win64; x64) AppleWebKit/537.36 (KHTML, like Gecko) Chrome/94.0.4606.81 Safari/537.36
2096288	025617	025617-2096288.wav	0056	hann var prestssonur og ólst upp á norðurlandi	Hann var prestssonur og ólst upp á Norðurlandi.	female	11	Icelandic	NAN	2022-01-23 15:01:28	NAN	0	6.97	16000	222990	Mozilla/5.0 (Macintosh; Intel Mac OS X 10_15_6) AppleWebKit/605.1.15 (KHTML, like Gecko) Version/15.2 Safari/605.1.15
1454708	021368	021368-1454708.wav	0127	má ég koma með þér	Má ég koma með þér?	female	40-49	Spanish	NAN	2021-10-16 18:48:11	NAN	0	3.33	16000	106574	Mozilla/5.0 (X11; Linux x86_64) AppleWebKit/537.36 (KHTML, like Gecko) SamsungBrowser/15.0 Chrome/90.0.4430.210 Safari/537.36
1454836	021369	021369-1454836.wav	0127	má ég koma með þér	Má ég koma með þér?	female	60-69	Icelandic	NAN	2021-10-17 13:57:05	NAN	0	2.94	16000	94286	Mozilla/5.0 (Windows NT 10.0; Win64; x64; rv:93.0) Gecko/20100101 Firefox/93.0
1453804	021358	021358-1453804.wav	0002	afi kemur í kaffi á morgun	Afi kemur í kaffi á morgun.	female	30-39	English	NAN	2021-10-13 13:27:41	NAN	0	2.56	16000	81998	Mozilla/5.0 (Macintosh; Intel Mac OS X 10_15_7) AppleWebKit/537.36 (KHTML, like Gecko) Chrome/94.0.4606.81 Safari/537.36
1454926	021370	021370-1454926.wav	0002	afi kemur í kaffi á morgun	Afi kemur í kaffi á morgun.	female	40-49	Czech	NAN	2021-10-17 16:08:44	NAN	0	3.75	16000	120228	Mozilla/5.0 (Windows NT 10.0; Win64; x64; rv:93.0) Gecko/20100101 Firefox/93.0
2218935	025416	025416-2218935.wav	0002	afi kemur í kaffi á morgun	Afi kemur í kaffi á morgun.	female	11	Icelandic	NAN	2022-01-24 11:37:31	NAN	0	2.97	16000	95188	Mozilla/5.0 (Macintosh; Intel Mac OS X 10_15_6) AppleWebKit/605.1.15 (KHTML, like Gecko) Version/15.2 Safari/605.1.15
1453180	021351	021351-1453180.wav	0223	ég skil þetta ekki alveg	Ég skil þetta ekki alveg.	male	40-49	Slovak	NAN	2021-10-12 17:04:33	NAN	0	2.6	16000	83364	Mozilla/5.0 (Macintosh; Intel Mac OS X 10_15_7) AppleWebKit/537.36 (KHTML, like Gecko) Chrome/94.0.4606.71 Safari/537.36
1455068	021370	021370-1455068.wav	0223	ég skil þetta ekki alveg	Ég skil þetta ekki alveg.	female	40-49	Czech	NAN	2021-10-18 18:26:57	NAN	0	5.33	16000	170744	Mozilla/5.0 (Windows NT 10.0; Win64; x64; rv:93.0) Gecko/20100101 Firefox/93.0
2212411	027049	027049-2212411.wav	0223	ég skil þetta ekki alveg	Ég skil þetta ekki alveg.	male	11	Icelandic	NAN	2022-01-24 11:21:43	NAN	0	1.21	16000	38716	Mozilla/5.0 (Macintosh; Intel Mac OS X 10_15_6) AppleWebKit/605.1.15 (KHTML, like Gecko) Version/15.1 Safari/605.1.15
1453055	021347	021347-1453055.wav	0081	hér eru átta flottar blokkir	Hér eru átta flottar blokkir.	male	40-49	Slovak	NAN	2021-10-12 16:50:06	NAN	0	4.41	16000	141256	Mozilla/5.0 (Macintosh; Intel Mac OS X 10_15_7) AppleWebKit/605.1.15 (KHTML, like Gecko) Version/14.1.1 Safari/605.1.15
2441568	027080	027080-2441568.wav	0081	hér eru átta flottar blokkir	Hér eru átta flottar blokkir.	female	11	Icelandic	NAN	2022-01-25 10:17:42	NAN	0	3.62	16000	115992	Mozilla/5.0 (Macintosh; Intel Mac OS X 10_15_6) AppleWebKit/605.1.15 (KHTML, like Gecko) Version/15.2 Safari/605.1.15
1453124	021351	021351-1453124.wav	0013	bogi hefur áhuga á tónlist	Bogi hefur áhuga á tónlist.	male	40-49	Slovak	NAN	2021-10-12 16:59:47	NAN	0	2.94	16000	94286	Mozilla/5.0 (Macintosh; Intel Mac OS X 10_15_7) AppleWebKit/537.36 (KHTML, like Gecko) Chrome/94.0.4606.71 Safari/537.36
2729124	027675	027675-2729124.wav	0013	bogi hefur áhuga á tónlist	Bogi hefur áhuga á tónlist.	female	30-39	Icelandic	NAN	2022-01-25 23:00:38	NAN	0	2.86	16000	91556	Mozilla/5.0 (Macintosh; Intel Mac OS X 10.15; rv:93.0) Gecko/20100101 Firefox/93.0
1453065	021347	021347-1453065.wav	0021	engum hefur tekist að finna gullið	Engum hefur tekist að finna gullið.	male	40-49	Slovak	NAN	2021-10-12 16:51:10	NAN	0	5.11	16000	163546	Mozilla/5.0 (Macintosh; Intel Mac OS X 10_15_7) AppleWebKit/605.1.15 (KHTML, like Gecko) Version/14.1.1 Safari/605.1.15
1454164	021365	021365-1454164.wav	0021	engum hefur tekist að finna gullið	Engum hefur tekist að finna gullið.	female	30-39	Russia	NAN	2021-10-15 21:06:41	NAN	0	4.74	16000	151630	Mozilla/5.0 (Linux; Android 10; CLT-L29) AppleWebKit/537.36 (KHTML, like Gecko) Chrome/93.0.4577.62 Mobile Safari/537.36
2125903	026540	026540-2125903.wav	0021	engum hefur tekist að finna gullið	Engum hefur tekist að finna gullið.	female	8	Icelandic	NAN	2022-01-23 18:43:27	NAN	0	3.07	16000	98160	Mozilla/5.0 (iPhone; CPU iPhone OS 15_1 like Mac OS X) AppleWebKit/605.1.15 (KHTML, like Gecko) Version/15.1 Mobile/15E148 Safari/604.1
1452721	021347	021347-1452721.wav	0249	það er partí hjá hrafnhildi um helgina	Það er partí hjá Hrafnhildi um helgina.	male	40-49	Slovak	NAN	2021-10-11 13:29:22	NAN	0	4.13	16000	132340	Mozilla/5.0 (Macintosh; Intel Mac OS X 10_15_7) AppleWebKit/605.1.15 (KHTML, like Gecko) Version/14.1.1 Safari/605.1.15
1878740	024597	024597-1878740.wav	0249	það er partí hjá hrafnhildi um helgina	Það er partí hjá Hrafnhildi um helgina.	male	30-39	English	NAN	2021-11-30 16:34:07	NAN	0	6.23	16000	199416	Mozilla/5.0 (Macintosh; Intel Mac OS X 10_15_7) AppleWebKit/537.36 (KHTML, like Gecko) Chrome/96.0.4664.55 Safari/537.36
1454480	021367	021367-1454480.wav	0249	það er partí hjá hrafnhildi um helgina	Það er partí hjá Hrafnhildi um helgina.	female	40-49	Spanish	NAN	2021-10-16 15:52:56	NAN	0	3.33	16000	106574	Mozilla/5.0 (Windows NT 10.0; Win64; x64) AppleWebKit/537.36 (KHTML, like Gecko) Chrome/94.0.4606.81 Safari/537.36
1453106	021351	021351-1453106.wav	0249	það er partí hjá hrafnhildi um helgina	Það er partí hjá Hrafnhildi um helgina.	male	40-49	Slovak	NAN	2021-10-12 16:58:18	NAN	0	4.1	16000	131150	Mozilla/5.0 (Macintosh; Intel Mac OS X 10_15_7) AppleWebKit/537.36 (KHTML, like Gecko) Chrome/94.0.4606.71 Safari/537.36
1924676	025073	025073-1924676.wav	0249	það er partí hjá hrafnhildi um helgina	Það er partí hjá Hrafnhildi um helgina.	female	11	Icelandic	NAN	2022-01-21 11:09:50	NAN	0	4.32	16000	138284	Mozilla/5.0 (Macintosh; Intel Mac OS X 10_15_6) AppleWebKit/605.1.15 (KHTML, like Gecko) Version/15.2 Mobile/15E148 Safari/604.1
1454074	021365	021365-1454074.wav	0155	sungu söngvararnir vel í gær	Sungu söngvararnir vel í gær?	female	30-39	Russia	NAN	2021-10-15 20:50:53	NAN	0	3.71	16000	118862	Mozilla/5.0 (Linux; Android 10; CLT-L29) AppleWebKit/537.36 (KHTML, like Gecko) Chrome/93.0.4577.62 Mobile Safari/537.36
1878310	024567	024567-1878310.wav	0155	sungu söngvararnir vel í gær	Sungu söngvararnir vel í gær?	female	30-39	Polish	NAN	2021-11-23 13:32:02	NAN	0	3.54	16000	113400	Mozilla/5.0 (Windows NT 10.0; Win64; x64; rv:94.0) Gecko/20100101 Firefox/94.0
1453450	021355	021355-1453450.wav	0155	sungu söngvararnir vel í gær	Sungu söngvararnir vel í gær?	male	30-39	Italian	NAN	2021-10-13 07:37:40	NAN	0	3.97	16000	127054	Mozilla/5.0 (iPhone; CPU iPhone OS 14_8 like Mac OS X) AppleWebKit/605.1.15 (KHTML, like Gecko) Version/14.1.2 Mobile/15E148 Safari/604.1
1454446	021367	021367-1454446.wav	0155	sungu söngvararnir vel í gær	Sungu söngvararnir vel í gær?	female	40-49	Spanish	NAN	2021-10-16 15:40:19	NAN	0	4.31	16000	137976	Mozilla/5.0 (Windows NT 10.0; Win64; x64) AppleWebKit/537.36 (KHTML, like Gecko) Chrome/94.0.4606.81 Safari/537.36
1453451	012186	012186-1453451.wav	0155	sungu söngvararnir vel í gær	Sungu söngvararnir vel í gær?	male	30-39	Swedish	NAN	2021-10-13 11:15:16	NAN	0	2.99	16000	95652	Mozilla/5.0 (X11; Linux x86_64) AppleWebKit/537.36 (KHTML, like Gecko) Chrome/94.0.4606.81 Safari/537.36
1454898	021370	021370-1454898.wav	0155	sungu söngvararnir vel í gær	Sungu söngvararnir vel í gær?	female	40-49	Czech	NAN	2021-10-17 16:02:19	NAN	0	7.3	16000	233550	Mozilla/5.0 (Windows NT 10.0; Win64; x64; rv:93.0) Gecko/20100101 Firefox/93.0
1991658	015706	015706-1991658.wav	0155	sungu söngvararnir vel í gær	Sungu söngvararnir vel í gær?	female	20-29	Icelandic	NAN	2022-01-21 23:54:03	NAN	0	2.56	16000	81998	Mozilla/5.0 (iPhone; CPU iPhone OS 14_8_1 like Mac OS X) AppleWebKit/605.1.15 (KHTML, like Gecko) Version/14.1.2 Mobile/15E148 Safari/604.1
1454673	021368	021368-1454673.wav	0241	þau fóru á nýjan grænmetisveitingastað	Þau fóru á nýjan grænmetisveitingastað.	female	40-49	Spanish	NAN	2021-10-16 18:31:07	NAN	0	4.61	16000	147534	Mozilla/5.0 (X11; Linux x86_64) AppleWebKit/537.36 (KHTML, like Gecko) SamsungBrowser/15.0 Chrome/90.0.4430.210 Safari/537.36
1453462	012186	012186-1453462.wav	0241	þau fóru á nýjan grænmetisveitingastað	Þau fóru á nýjan grænmetisveitingastað.	male	30-39	Swedish	NAN	2021-10-13 11:15:49	NAN	0	4.1	16000	131150	Mozilla/5.0 (X11; Linux x86_64) AppleWebKit/537.36 (KHTML, like Gecko) Chrome/94.0.4606.81 Safari/537.36
1454905	021370	021370-1454905.wav	0241	þau fóru á nýjan grænmetisveitingastað	Þau fóru á nýjan grænmetisveitingastað.	female	40-49	Czech	NAN	2021-10-17 16:04:31	NAN	0	4.69	16000	150264	Mozilla/5.0 (Windows NT 10.0; Win64; x64; rv:93.0) Gecko/20100101 Firefox/93.0
1947620	013675	013675-1947620.wav	0241	þau fóru á nýjan grænmetisveitingastað	Þau fóru á nýjan grænmetisveitingastað.	female	40-49	Icelandic	NAN	2022-01-21 14:14:02	NAN	0	3.97	16000	127054	Mozilla/5.0 (Linux; Android 9; SAMSUNG SM-A750FN) AppleWebKit/537.36 (KHTML, like Gecko) SamsungBrowser/16.0 Chrome/92.0.4515.166 Mobile Safari/537.36
1454211	021366	021366-1454211.wav	0164	tónlist bjarkar finnst mörgum heillandi	Tónlist Bjarkar finnst mörgum heillandi.	female	30-39	Russia	NAN	2021-10-15 21:19:34	NAN	0	4.35	16000	139342	Mozilla/5.0 (Linux; arm_64; Android 10; CLT-L29) AppleWebKit/537.36 (KHTML, like Gecko) Chrome/91.0.4472.164 YaBrowser/21.6.6.55.00 SA/3 Mobile Safari/537.36
1454680	021368	021368-1454680.wav	0164	tónlist bjarkar finnst mörgum heillandi	Tónlist Bjarkar finnst mörgum heillandi.	female	40-49	Spanish	NAN	2021-10-16 18:33:15	NAN	0	4.99	16000	159822	Mozilla/5.0 (X11; Linux x86_64) AppleWebKit/537.36 (KHTML, like Gecko) SamsungBrowser/15.0 Chrome/90.0.4430.210 Safari/537.36
1453471	012186	012186-1453471.wav	0164	tónlist bjarkar finnst mörgum heillandi	Tónlist Bjarkar finnst mörgum heillandi.	male	30-39	Swedish	NAN	2021-10-13 11:17:39	NAN	0	4.01	16000	128420	Mozilla/5.0 (X11; Linux x86_64) AppleWebKit/537.36 (KHTML, like Gecko) Chrome/94.0.4606.81 Safari/537.36
2747110	028275	028275-2747110.wav	0164	tónlist bjarkar finnst mörgum heillandi	Tónlist Bjarkar finnst mörgum heillandi.	female	50-59	Icelandic	NAN	2022-01-26 01:40:03	NAN	0	2.82	16000	90190	Mozilla/5.0 (iPhone; CPU iPhone OS 15_1_1 like Mac OS X) AppleWebKit/605.1.15 (KHTML, like Gecko) Mobile/19B81 [FBAN/FBIOS;FBDV/iPhone14,5;FBMD/iPhone;FBSN/iOS;FBSV/15.1.1;FBSS/3;FBID/phone;FBLC/en_GB;FBOP/5]
1454103	021365	021365-1454103.wav	0048	hann er fimm árum yngri en hún	Hann er fimm árum yngri en hún.	female	30-39	Russia	NAN	2021-10-15 20:55:42	NAN	0	5.12	16000	163918	Mozilla/5.0 (Linux; Android 10; CLT-L29) AppleWebKit/537.36 (KHTML, like Gecko) Chrome/93.0.4577.62 Mobile Safari/537.36
1878776	024597	024597-1878776.wav	0048	hann er fimm árum yngri en hún	Hann er fimm árum yngri en hún.	male	30-39	English	NAN	2021-11-30 16:39:09	NAN	0	4.48	16000	143438	Mozilla/5.0 (Macintosh; Intel Mac OS X 10_15_7) AppleWebKit/537.36 (KHTML, like Gecko) Chrome/96.0.4664.55 Safari/537.36
3062949	030221	030221-3062949.wav	0048	hann er fimm árum yngri en hún	Hann er fimm árum yngri en hún.	female	40-49	Icelandic	NAN	2022-01-26 18:44:54	NAN	0	1.79	16000	57422	Mozilla/5.0 (iPhone; CPU iPhone OS 15_2_1 like Mac OS X) AppleWebKit/605.1.15 (KHTML, like Gecko) Version/15.2 Mobile/15E148 Safari/604.1
1878768	024597	024597-1878768.wav	0231	ég ætla að fara heim	Ég ætla að fara heim.	male	30-39	English	NAN	2021-11-30 16:38:00	NAN	0	2.9	16000	92920	Mozilla/5.0 (Macintosh; Intel Mac OS X 10_15_7) AppleWebKit/537.36 (KHTML, like Gecko) Chrome/96.0.4664.55 Safari/537.36
1940105	012470	012470-1940105.wav	0231	ég ætla að fara heim	Ég ætla að fara heim.	female	20-29	Icelandic	NAN	2022-01-21 13:06:12	NAN	0	1.71	16000	54692	Mozilla/5.0 (iPhone; CPU iPhone OS 14_8_1 like Mac OS X) AppleWebKit/605.1.15 (KHTML, like Gecko) Version/14.1.2 Mobile/15E148 Safari/604.1
1452708	021347	021347-1452708.wav	0068	hrafnarnir fljúga hátt yfir þorpinu	Hrafnarnir fljúga hátt yfir þorpinu.	male	40-49	Slovak	NAN	2021-10-11 13:18:10	NAN	0	5.94	16000	190296	Mozilla/5.0 (Macintosh; Intel Mac OS X 10_15_7) AppleWebKit/605.1.15 (KHTML, like Gecko) Version/14.1.1 Safari/605.1.15
1453816	021360	021360-1453816.wav	0068	hrafnarnir fljúga hátt yfir þorpinu	Hrafnarnir fljúga hátt yfir þorpinu.	female	30-39	English	NAN	2021-10-13 13:32:30	NAN	0	2.43	16000	77902	Mozilla/5.0 (Macintosh; Intel Mac OS X 10_15_7) AppleWebKit/537.36 (KHTML, like Gecko) Chrome/94.0.4606.81 Safari/537.36
1453751	021358	021358-1453751.wav	0068	hrafnarnir fljúga hátt yfir þorpinu	Hrafnarnir fljúga hátt yfir þorpinu.	female	30-39	English	NAN	2021-10-13 12:44:28	NAN	0	3.37	16000	107940	Mozilla/5.0 (Macintosh; Intel Mac OS X 10_15_7) AppleWebKit/537.36 (KHTML, like Gecko) Chrome/94.0.4606.81 Safari/537.36
1454449	021367	021367-1454449.wav	0068	hrafnarnir fljúga hátt yfir þorpinu	Hrafnarnir fljúga hátt yfir þorpinu.	female	40-49	Spanish	NAN	2021-10-16 15:40:33	NAN	0	4.61	16000	147534	Mozilla/5.0 (Windows NT 10.0; Win64; x64) AppleWebKit/537.36 (KHTML, like Gecko) Chrome/94.0.4606.81 Safari/537.36
1453094	021351	021351-1453094.wav	0068	hrafnarnir fljúga hátt yfir þorpinu	Hrafnarnir fljúga hátt yfir þorpinu.	male	40-49	Slovak	NAN	2021-10-12 16:57:08	NAN	0	4.69	16000	150264	Mozilla/5.0 (Macintosh; Intel Mac OS X 10_15_7) AppleWebKit/537.36 (KHTML, like Gecko) Chrome/94.0.4606.71 Safari/537.36
1453474	021357	021357-1453474.wav	0068	hrafnarnir fljúga hátt yfir þorpinu	Hrafnarnir fljúga hátt yfir þorpinu.	male	20-29	Icelandic	NAN	2021-10-13 11:20:45	NAN	0	2.73	16000	87460	Mozilla/5.0 (X11; Linux x86_64) AppleWebKit/537.36 (KHTML, like Gecko) Chrome/93.0.4577.63 Safari/537.36
1454514	021367	021367-1454514.wav	0120	loftið er heitt í vaðlaheiðargöngum	Loftið er heitt í Vaðlaheiðargöngum.	female	40-49	Spanish	NAN	2021-10-16 16:03:40	NAN	0	4.78	16000	152996	Mozilla/5.0 (Windows NT 10.0; Win64; x64) AppleWebKit/537.36 (KHTML, like Gecko) Chrome/94.0.4606.81 Safari/537.36
2260734	022105	022105-2260734.wav	0120	loftið er heitt í vaðlaheiðargöngum	Loftið er heitt í Vaðlaheiðargöngum.	female	30-39	Icelandic	NAN	2022-01-24 14:09:16	NAN	0	2.77	16000	88824	Mozilla/5.0 (iPhone; CPU iPhone OS 15_2_1 like Mac OS X) AppleWebKit/605.1.15 (KHTML, like Gecko) Version/15.2 Mobile/15E148 Safari/604.1
1454102	021365	021365-1454102.wav	0064	hekla er þekkt íslenskt eldfjall	Hekla er þekkt íslenskt eldfjall.	female	30-39	Russia	NAN	2021-10-15 20:55:34	NAN	0	4.61	16000	147534	Mozilla/5.0 (Linux; Android 10; CLT-L29) AppleWebKit/537.36 (KHTML, like Gecko) Chrome/93.0.4577.62 Mobile Safari/537.36
1454684	021368	021368-1454684.wav	0064	hekla er þekkt íslenskt eldfjall	Hekla er þekkt íslenskt eldfjall.	female	40-49	Spanish	NAN	2021-10-16 18:39:15	NAN	0	4.48	16000	143438	Mozilla/5.0 (X11; Linux x86_64) AppleWebKit/537.36 (KHTML, like Gecko) SamsungBrowser/15.0 Chrome/90.0.4430.210 Safari/537.36
1878155	024582	024582-1878155.wav	0064	hekla er þekkt íslenskt eldfjall	Hekla er þekkt íslenskt eldfjall.	female	20-29	German	NAN	2021-11-22 22:20:20	NAN	0	4.05	16000	129784	Mozilla/5.0 (iPhone; CPU iPhone OS 15_0_1 like Mac OS X) AppleWebKit/605.1.15 (KHTML, like Gecko) Version/15.0 Mobile/15E148 Safari/604.1
1453490	021357	021357-1453490.wav	0064	hekla er þekkt íslenskt eldfjall	Hekla er þekkt íslenskt eldfjall.	male	20-29	Icelandic	NAN	2021-10-13 11:21:52	NAN	0	2.94	16000	94286	Mozilla/5.0 (X11; Linux x86_64) AppleWebKit/537.36 (KHTML, like Gecko) Chrome/93.0.4577.63 Safari/537.36
